month_day,month,day,date_label,date_slug,card_code,card_label,rank,suit,solar_value,card_slug,canonical_card_url,birthday_url,record_type,exceptional_day_rule,claim_classification,methodology_url,dataset_version
01-01,1,1,January 1,january-1,K♠,King of Spades,K,spades,52,king-of-spades,https://cardblueprints.com/birth-card/king-of-spades,https://cardblueprints.com/born-on/january-1,standard_card,,deterministic_date_to_card_mapping,https://cardblueprints.com/methodology,2026-08-15
01-02,1,2,January 2,january-2,Q♠,Queen of Spades,Q,spades,51,queen-of-spades,https://cardblueprints.com/birth-card/queen-of-spades,https://cardblueprints.com/born-on/january-2,standard_card,,deterministic_date_to_card_mapping,https://cardblueprints.com/methodology,2026-08-15
01-03,1,3,January 3,january-3,J♠,Jack of Spades,J,spades,50,jack-of-spades,https://cardblueprints.com/birth-card/jack-of-spades,https://cardblueprints.com/born-on/january-3,standard_card,,deterministic_date_to_card_mapping,https://cardblueprints.com/methodology,2026-08-15
01-04,1,4,January 4,january-4,10♠,10 of Spades,10,spades,49,10-of-spades,https://cardblueprints.com/birth-card/10-of-spades,https://cardblueprints.com/born-on/january-4,standard_card,,deterministic_date_to_card_mapping,https://cardblueprints.com/methodology,2026-08-15
01-05,1,5,January 5,january-5,9♠,9 of Spades,9,spades,48,9-of-spades,https://cardblueprints.com/birth-card/9-of-spades,https://cardblueprints.com/born-on/january-5,standard_card,,deterministic_date_to_card_mapping,https://cardblueprints.com/methodology,2026-08-15
01-06,1,6,January 6,january-6,8♠,8 of Spades,8,spades,47,8-of-spades,https://cardblueprints.com/birth-card/8-of-spades,https://cardblueprints.com/born-on/january-6,standard_card,,deterministic_date_to_card_mapping,https://cardblueprints.com/methodology,2026-08-15
01-07,1,7,January 7,january-7,7♠,7 of Spades,7,spades,46,7-of-spades,https://cardblueprints.com/birth-card/7-of-spades,https://cardblueprints.com/born-on/january-7,standard_card,,deterministic_date_to_card_mapping,https://cardblueprints.com/methodology,2026-08-15
01-08,1,8,January 8,january-8,6♠,6 of Spades,6,spades,45,6-of-spades,https://cardblueprints.com/birth-card/6-of-spades,https://cardblueprints.com/born-on/january-8,standard_card,,deterministic_date_to_card_mapping,https://cardblueprints.com/methodology,2026-08-15
01-09,1,9,January 9,january-9,5♠,5 of Spades,5,spades,44,5-of-spades,https://cardblueprints.com/birth-card/5-of-spades,https://cardblueprints.com/born-on/january-9,standard_card,,deterministic_date_to_card_mapping,https://cardblueprints.com/methodology,2026-08-15
01-10,1,10,January 10,january-10,4♠,4 of Spades,4,spades,43,4-of-spades,https://cardblueprints.com/birth-card/4-of-spades,https://cardblueprints.com/born-on/january-10,standard_card,,deterministic_date_to_card_mapping,https://cardblueprints.com/methodology,2026-08-15
01-11,1,11,January 11,january-11,3♠,3 of Spades,3,spades,42,3-of-spades,https://cardblueprints.com/birth-card/3-of-spades,https://cardblueprints.com/born-on/january-11,standard_card,,deterministic_date_to_card_mapping,https://cardblueprints.com/methodology,2026-08-15
01-12,1,12,January 12,january-12,2♠,2 of Spades,2,spades,41,2-of-spades,https://cardblueprints.com/birth-card/2-of-spades,https://cardblueprints.com/born-on/january-12,standard_card,,deterministic_date_to_card_mapping,https://cardblueprints.com/methodology,2026-08-15
01-13,1,13,January 13,january-13,A♠,Ace of Spades,A,spades,40,ace-of-spades,https://cardblueprints.com/birth-card/ace-of-spades,https://cardblueprints.com/born-on/january-13,standard_card,,deterministic_date_to_card_mapping,https://cardblueprints.com/methodology,2026-08-15
01-14,1,14,January 14,january-14,K♦,King of Diamonds,K,diamonds,39,king-of-diamonds,https://cardblueprints.com/birth-card/king-of-diamonds,https://cardblueprints.com/born-on/january-14,standard_card,,deterministic_date_to_card_mapping,https://cardblueprints.com/methodology,2026-08-15
01-15,1,15,January 15,january-15,Q♦,Queen of Diamonds,Q,diamonds,38,queen-of-diamonds,https://cardblueprints.com/birth-card/queen-of-diamonds,https://cardblueprints.com/born-on/january-15,standard_card,,deterministic_date_to_card_mapping,https://cardblueprints.com/methodology,2026-08-15
01-16,1,16,January 16,january-16,J♦,Jack of Diamonds,J,diamonds,37,jack-of-diamonds,https://cardblueprints.com/birth-card/jack-of-diamonds,https://cardblueprints.com/born-on/january-16,standard_card,,deterministic_date_to_card_mapping,https://cardblueprints.com/methodology,2026-08-15
01-17,1,17,January 17,january-17,10♦,10 of Diamonds,10,diamonds,36,10-of-diamonds,https://cardblueprints.com/birth-card/10-of-diamonds,https://cardblueprints.com/born-on/january-17,standard_card,,deterministic_date_to_card_mapping,https://cardblueprints.com/methodology,2026-08-15
01-18,1,18,January 18,january-18,9♦,9 of Diamonds,9,diamonds,35,9-of-diamonds,https://cardblueprints.com/birth-card/9-of-diamonds,https://cardblueprints.com/born-on/january-18,standard_card,,deterministic_date_to_card_mapping,https://cardblueprints.com/methodology,2026-08-15
01-19,1,19,January 19,january-19,8♦,8 of Diamonds,8,diamonds,34,8-of-diamonds,https://cardblueprints.com/birth-card/8-of-diamonds,https://cardblueprints.com/born-on/january-19,standard_card,,deterministic_date_to_card_mapping,https://cardblueprints.com/methodology,2026-08-15
01-20,1,20,January 20,january-20,7♦,7 of Diamonds,7,diamonds,33,7-of-diamonds,https://cardblueprints.com/birth-card/7-of-diamonds,https://cardblueprints.com/born-on/january-20,standard_card,,deterministic_date_to_card_mapping,https://cardblueprints.com/methodology,2026-08-15
01-21,1,21,January 21,january-21,6♦,6 of Diamonds,6,diamonds,32,6-of-diamonds,https://cardblueprints.com/birth-card/6-of-diamonds,https://cardblueprints.com/born-on/january-21,standard_card,,deterministic_date_to_card_mapping,https://cardblueprints.com/methodology,2026-08-15
01-22,1,22,January 22,january-22,5♦,5 of Diamonds,5,diamonds,31,5-of-diamonds,https://cardblueprints.com/birth-card/5-of-diamonds,https://cardblueprints.com/born-on/january-22,standard_card,,deterministic_date_to_card_mapping,https://cardblueprints.com/methodology,2026-08-15
01-23,1,23,January 23,january-23,4♦,4 of Diamonds,4,diamonds,30,4-of-diamonds,https://cardblueprints.com/birth-card/4-of-diamonds,https://cardblueprints.com/born-on/january-23,standard_card,,deterministic_date_to_card_mapping,https://cardblueprints.com/methodology,2026-08-15
01-24,1,24,January 24,january-24,3♦,3 of Diamonds,3,diamonds,29,3-of-diamonds,https://cardblueprints.com/birth-card/3-of-diamonds,https://cardblueprints.com/born-on/january-24,standard_card,,deterministic_date_to_card_mapping,https://cardblueprints.com/methodology,2026-08-15
01-25,1,25,January 25,january-25,2♦,2 of Diamonds,2,diamonds,28,2-of-diamonds,https://cardblueprints.com/birth-card/2-of-diamonds,https://cardblueprints.com/born-on/january-25,standard_card,,deterministic_date_to_card_mapping,https://cardblueprints.com/methodology,2026-08-15
01-26,1,26,January 26,january-26,A♦,Ace of Diamonds,A,diamonds,27,ace-of-diamonds,https://cardblueprints.com/birth-card/ace-of-diamonds,https://cardblueprints.com/born-on/january-26,standard_card,,deterministic_date_to_card_mapping,https://cardblueprints.com/methodology,2026-08-15
01-27,1,27,January 27,january-27,K♣,King of Clubs,K,clubs,26,king-of-clubs,https://cardblueprints.com/birth-card/king-of-clubs,https://cardblueprints.com/born-on/january-27,standard_card,,deterministic_date_to_card_mapping,https://cardblueprints.com/methodology,2026-08-15
01-28,1,28,January 28,january-28,Q♣,Queen of Clubs,Q,clubs,25,queen-of-clubs,https://cardblueprints.com/birth-card/queen-of-clubs,https://cardblueprints.com/born-on/january-28,standard_card,,deterministic_date_to_card_mapping,https://cardblueprints.com/methodology,2026-08-15
01-29,1,29,January 29,january-29,J♣,Jack of Clubs,J,clubs,24,jack-of-clubs,https://cardblueprints.com/birth-card/jack-of-clubs,https://cardblueprints.com/born-on/january-29,standard_card,,deterministic_date_to_card_mapping,https://cardblueprints.com/methodology,2026-08-15
01-30,1,30,January 30,january-30,10♣,10 of Clubs,10,clubs,23,10-of-clubs,https://cardblueprints.com/birth-card/10-of-clubs,https://cardblueprints.com/born-on/january-30,standard_card,,deterministic_date_to_card_mapping,https://cardblueprints.com/methodology,2026-08-15
01-31,1,31,January 31,january-31,9♣,9 of Clubs,9,clubs,22,9-of-clubs,https://cardblueprints.com/birth-card/9-of-clubs,https://cardblueprints.com/born-on/january-31,standard_card,,deterministic_date_to_card_mapping,https://cardblueprints.com/methodology,2026-08-15
02-01,2,1,February 1,february-1,J♠,Jack of Spades,J,spades,50,jack-of-spades,https://cardblueprints.com/birth-card/jack-of-spades,https://cardblueprints.com/born-on/february-1,standard_card,,deterministic_date_to_card_mapping,https://cardblueprints.com/methodology,2026-08-15
02-02,2,2,February 2,february-2,10♠,10 of Spades,10,spades,49,10-of-spades,https://cardblueprints.com/birth-card/10-of-spades,https://cardblueprints.com/born-on/february-2,standard_card,,deterministic_date_to_card_mapping,https://cardblueprints.com/methodology,2026-08-15
02-03,2,3,February 3,february-3,9♠,9 of Spades,9,spades,48,9-of-spades,https://cardblueprints.com/birth-card/9-of-spades,https://cardblueprints.com/born-on/february-3,standard_card,,deterministic_date_to_card_mapping,https://cardblueprints.com/methodology,2026-08-15
02-04,2,4,February 4,february-4,8♠,8 of Spades,8,spades,47,8-of-spades,https://cardblueprints.com/birth-card/8-of-spades,https://cardblueprints.com/born-on/february-4,standard_card,,deterministic_date_to_card_mapping,https://cardblueprints.com/methodology,2026-08-15
02-05,2,5,February 5,february-5,7♠,7 of Spades,7,spades,46,7-of-spades,https://cardblueprints.com/birth-card/7-of-spades,https://cardblueprints.com/born-on/february-5,standard_card,,deterministic_date_to_card_mapping,https://cardblueprints.com/methodology,2026-08-15
02-06,2,6,February 6,february-6,6♠,6 of Spades,6,spades,45,6-of-spades,https://cardblueprints.com/birth-card/6-of-spades,https://cardblueprints.com/born-on/february-6,standard_card,,deterministic_date_to_card_mapping,https://cardblueprints.com/methodology,2026-08-15
02-07,2,7,February 7,february-7,5♠,5 of Spades,5,spades,44,5-of-spades,https://cardblueprints.com/birth-card/5-of-spades,https://cardblueprints.com/born-on/february-7,standard_card,,deterministic_date_to_card_mapping,https://cardblueprints.com/methodology,2026-08-15
02-08,2,8,February 8,february-8,4♠,4 of Spades,4,spades,43,4-of-spades,https://cardblueprints.com/birth-card/4-of-spades,https://cardblueprints.com/born-on/february-8,standard_card,,deterministic_date_to_card_mapping,https://cardblueprints.com/methodology,2026-08-15
02-09,2,9,February 9,february-9,3♠,3 of Spades,3,spades,42,3-of-spades,https://cardblueprints.com/birth-card/3-of-spades,https://cardblueprints.com/born-on/february-9,standard_card,,deterministic_date_to_card_mapping,https://cardblueprints.com/methodology,2026-08-15
02-10,2,10,February 10,february-10,2♠,2 of Spades,2,spades,41,2-of-spades,https://cardblueprints.com/birth-card/2-of-spades,https://cardblueprints.com/born-on/february-10,standard_card,,deterministic_date_to_card_mapping,https://cardblueprints.com/methodology,2026-08-15
02-11,2,11,February 11,february-11,A♠,Ace of Spades,A,spades,40,ace-of-spades,https://cardblueprints.com/birth-card/ace-of-spades,https://cardblueprints.com/born-on/february-11,standard_card,,deterministic_date_to_card_mapping,https://cardblueprints.com/methodology,2026-08-15
02-12,2,12,February 12,february-12,K♦,King of Diamonds,K,diamonds,39,king-of-diamonds,https://cardblueprints.com/birth-card/king-of-diamonds,https://cardblueprints.com/born-on/february-12,standard_card,,deterministic_date_to_card_mapping,https://cardblueprints.com/methodology,2026-08-15
02-13,2,13,February 13,february-13,Q♦,Queen of Diamonds,Q,diamonds,38,queen-of-diamonds,https://cardblueprints.com/birth-card/queen-of-diamonds,https://cardblueprints.com/born-on/february-13,standard_card,,deterministic_date_to_card_mapping,https://cardblueprints.com/methodology,2026-08-15
02-14,2,14,February 14,february-14,J♦,Jack of Diamonds,J,diamonds,37,jack-of-diamonds,https://cardblueprints.com/birth-card/jack-of-diamonds,https://cardblueprints.com/born-on/february-14,standard_card,,deterministic_date_to_card_mapping,https://cardblueprints.com/methodology,2026-08-15
02-15,2,15,February 15,february-15,10♦,10 of Diamonds,10,diamonds,36,10-of-diamonds,https://cardblueprints.com/birth-card/10-of-diamonds,https://cardblueprints.com/born-on/february-15,standard_card,,deterministic_date_to_card_mapping,https://cardblueprints.com/methodology,2026-08-15
02-16,2,16,February 16,february-16,9♦,9 of Diamonds,9,diamonds,35,9-of-diamonds,https://cardblueprints.com/birth-card/9-of-diamonds,https://cardblueprints.com/born-on/february-16,standard_card,,deterministic_date_to_card_mapping,https://cardblueprints.com/methodology,2026-08-15
02-17,2,17,February 17,february-17,8♦,8 of Diamonds,8,diamonds,34,8-of-diamonds,https://cardblueprints.com/birth-card/8-of-diamonds,https://cardblueprints.com/born-on/february-17,standard_card,,deterministic_date_to_card_mapping,https://cardblueprints.com/methodology,2026-08-15
02-18,2,18,February 18,february-18,7♦,7 of Diamonds,7,diamonds,33,7-of-diamonds,https://cardblueprints.com/birth-card/7-of-diamonds,https://cardblueprints.com/born-on/february-18,standard_card,,deterministic_date_to_card_mapping,https://cardblueprints.com/methodology,2026-08-15
02-19,2,19,February 19,february-19,6♦,6 of Diamonds,6,diamonds,32,6-of-diamonds,https://cardblueprints.com/birth-card/6-of-diamonds,https://cardblueprints.com/born-on/february-19,standard_card,,deterministic_date_to_card_mapping,https://cardblueprints.com/methodology,2026-08-15
02-20,2,20,February 20,february-20,5♦,5 of Diamonds,5,diamonds,31,5-of-diamonds,https://cardblueprints.com/birth-card/5-of-diamonds,https://cardblueprints.com/born-on/february-20,standard_card,,deterministic_date_to_card_mapping,https://cardblueprints.com/methodology,2026-08-15
02-21,2,21,February 21,february-21,4♦,4 of Diamonds,4,diamonds,30,4-of-diamonds,https://cardblueprints.com/birth-card/4-of-diamonds,https://cardblueprints.com/born-on/february-21,standard_card,,deterministic_date_to_card_mapping,https://cardblueprints.com/methodology,2026-08-15
02-22,2,22,February 22,february-22,3♦,3 of Diamonds,3,diamonds,29,3-of-diamonds,https://cardblueprints.com/birth-card/3-of-diamonds,https://cardblueprints.com/born-on/february-22,standard_card,,deterministic_date_to_card_mapping,https://cardblueprints.com/methodology,2026-08-15
02-23,2,23,February 23,february-23,2♦,2 of Diamonds,2,diamonds,28,2-of-diamonds,https://cardblueprints.com/birth-card/2-of-diamonds,https://cardblueprints.com/born-on/february-23,standard_card,,deterministic_date_to_card_mapping,https://cardblueprints.com/methodology,2026-08-15
02-24,2,24,February 24,february-24,A♦,Ace of Diamonds,A,diamonds,27,ace-of-diamonds,https://cardblueprints.com/birth-card/ace-of-diamonds,https://cardblueprints.com/born-on/february-24,standard_card,,deterministic_date_to_card_mapping,https://cardblueprints.com/methodology,2026-08-15
02-25,2,25,February 25,february-25,K♣,King of Clubs,K,clubs,26,king-of-clubs,https://cardblueprints.com/birth-card/king-of-clubs,https://cardblueprints.com/born-on/february-25,standard_card,,deterministic_date_to_card_mapping,https://cardblueprints.com/methodology,2026-08-15
02-26,2,26,February 26,february-26,Q♣,Queen of Clubs,Q,clubs,25,queen-of-clubs,https://cardblueprints.com/birth-card/queen-of-clubs,https://cardblueprints.com/born-on/february-26,standard_card,,deterministic_date_to_card_mapping,https://cardblueprints.com/methodology,2026-08-15
02-27,2,27,February 27,february-27,J♣,Jack of Clubs,J,clubs,24,jack-of-clubs,https://cardblueprints.com/birth-card/jack-of-clubs,https://cardblueprints.com/born-on/february-27,standard_card,,deterministic_date_to_card_mapping,https://cardblueprints.com/methodology,2026-08-15
02-28,2,28,February 28,february-28,10♣,10 of Clubs,10,clubs,23,10-of-clubs,https://cardblueprints.com/birth-card/10-of-clubs,https://cardblueprints.com/born-on/february-28,standard_card,,deterministic_date_to_card_mapping,https://cardblueprints.com/methodology,2026-08-15
02-29,2,29,February 29,february-29,9♣,9 of Clubs,9,clubs,22,9-of-clubs,https://cardblueprints.com/birth-card/9-of-clubs,https://cardblueprints.com/born-on/february-29,standard_card,leap_day_maps_normally,deterministic_date_to_card_mapping,https://cardblueprints.com/methodology,2026-08-15
03-01,3,1,March 1,march-1,9♠,9 of Spades,9,spades,48,9-of-spades,https://cardblueprints.com/birth-card/9-of-spades,https://cardblueprints.com/born-on/march-1,standard_card,,deterministic_date_to_card_mapping,https://cardblueprints.com/methodology,2026-08-15
03-02,3,2,March 2,march-2,8♠,8 of Spades,8,spades,47,8-of-spades,https://cardblueprints.com/birth-card/8-of-spades,https://cardblueprints.com/born-on/march-2,standard_card,,deterministic_date_to_card_mapping,https://cardblueprints.com/methodology,2026-08-15
03-03,3,3,March 3,march-3,7♠,7 of Spades,7,spades,46,7-of-spades,https://cardblueprints.com/birth-card/7-of-spades,https://cardblueprints.com/born-on/march-3,standard_card,,deterministic_date_to_card_mapping,https://cardblueprints.com/methodology,2026-08-15
03-04,3,4,March 4,march-4,6♠,6 of Spades,6,spades,45,6-of-spades,https://cardblueprints.com/birth-card/6-of-spades,https://cardblueprints.com/born-on/march-4,standard_card,,deterministic_date_to_card_mapping,https://cardblueprints.com/methodology,2026-08-15
03-05,3,5,March 5,march-5,5♠,5 of Spades,5,spades,44,5-of-spades,https://cardblueprints.com/birth-card/5-of-spades,https://cardblueprints.com/born-on/march-5,standard_card,,deterministic_date_to_card_mapping,https://cardblueprints.com/methodology,2026-08-15
03-06,3,6,March 6,march-6,4♠,4 of Spades,4,spades,43,4-of-spades,https://cardblueprints.com/birth-card/4-of-spades,https://cardblueprints.com/born-on/march-6,standard_card,,deterministic_date_to_card_mapping,https://cardblueprints.com/methodology,2026-08-15
03-07,3,7,March 7,march-7,3♠,3 of Spades,3,spades,42,3-of-spades,https://cardblueprints.com/birth-card/3-of-spades,https://cardblueprints.com/born-on/march-7,standard_card,,deterministic_date_to_card_mapping,https://cardblueprints.com/methodology,2026-08-15
03-08,3,8,March 8,march-8,2♠,2 of Spades,2,spades,41,2-of-spades,https://cardblueprints.com/birth-card/2-of-spades,https://cardblueprints.com/born-on/march-8,standard_card,,deterministic_date_to_card_mapping,https://cardblueprints.com/methodology,2026-08-15
03-09,3,9,March 9,march-9,A♠,Ace of Spades,A,spades,40,ace-of-spades,https://cardblueprints.com/birth-card/ace-of-spades,https://cardblueprints.com/born-on/march-9,standard_card,,deterministic_date_to_card_mapping,https://cardblueprints.com/methodology,2026-08-15
03-10,3,10,March 10,march-10,K♦,King of Diamonds,K,diamonds,39,king-of-diamonds,https://cardblueprints.com/birth-card/king-of-diamonds,https://cardblueprints.com/born-on/march-10,standard_card,,deterministic_date_to_card_mapping,https://cardblueprints.com/methodology,2026-08-15
03-11,3,11,March 11,march-11,Q♦,Queen of Diamonds,Q,diamonds,38,queen-of-diamonds,https://cardblueprints.com/birth-card/queen-of-diamonds,https://cardblueprints.com/born-on/march-11,standard_card,,deterministic_date_to_card_mapping,https://cardblueprints.com/methodology,2026-08-15
03-12,3,12,March 12,march-12,J♦,Jack of Diamonds,J,diamonds,37,jack-of-diamonds,https://cardblueprints.com/birth-card/jack-of-diamonds,https://cardblueprints.com/born-on/march-12,standard_card,,deterministic_date_to_card_mapping,https://cardblueprints.com/methodology,2026-08-15
03-13,3,13,March 13,march-13,10♦,10 of Diamonds,10,diamonds,36,10-of-diamonds,https://cardblueprints.com/birth-card/10-of-diamonds,https://cardblueprints.com/born-on/march-13,standard_card,,deterministic_date_to_card_mapping,https://cardblueprints.com/methodology,2026-08-15
03-14,3,14,March 14,march-14,9♦,9 of Diamonds,9,diamonds,35,9-of-diamonds,https://cardblueprints.com/birth-card/9-of-diamonds,https://cardblueprints.com/born-on/march-14,standard_card,,deterministic_date_to_card_mapping,https://cardblueprints.com/methodology,2026-08-15
03-15,3,15,March 15,march-15,8♦,8 of Diamonds,8,diamonds,34,8-of-diamonds,https://cardblueprints.com/birth-card/8-of-diamonds,https://cardblueprints.com/born-on/march-15,standard_card,,deterministic_date_to_card_mapping,https://cardblueprints.com/methodology,2026-08-15
03-16,3,16,March 16,march-16,7♦,7 of Diamonds,7,diamonds,33,7-of-diamonds,https://cardblueprints.com/birth-card/7-of-diamonds,https://cardblueprints.com/born-on/march-16,standard_card,,deterministic_date_to_card_mapping,https://cardblueprints.com/methodology,2026-08-15
03-17,3,17,March 17,march-17,6♦,6 of Diamonds,6,diamonds,32,6-of-diamonds,https://cardblueprints.com/birth-card/6-of-diamonds,https://cardblueprints.com/born-on/march-17,standard_card,,deterministic_date_to_card_mapping,https://cardblueprints.com/methodology,2026-08-15
03-18,3,18,March 18,march-18,5♦,5 of Diamonds,5,diamonds,31,5-of-diamonds,https://cardblueprints.com/birth-card/5-of-diamonds,https://cardblueprints.com/born-on/march-18,standard_card,,deterministic_date_to_card_mapping,https://cardblueprints.com/methodology,2026-08-15
03-19,3,19,March 19,march-19,4♦,4 of Diamonds,4,diamonds,30,4-of-diamonds,https://cardblueprints.com/birth-card/4-of-diamonds,https://cardblueprints.com/born-on/march-19,standard_card,,deterministic_date_to_card_mapping,https://cardblueprints.com/methodology,2026-08-15
03-20,3,20,March 20,march-20,3♦,3 of Diamonds,3,diamonds,29,3-of-diamonds,https://cardblueprints.com/birth-card/3-of-diamonds,https://cardblueprints.com/born-on/march-20,standard_card,,deterministic_date_to_card_mapping,https://cardblueprints.com/methodology,2026-08-15
03-21,3,21,March 21,march-21,2♦,2 of Diamonds,2,diamonds,28,2-of-diamonds,https://cardblueprints.com/birth-card/2-of-diamonds,https://cardblueprints.com/born-on/march-21,standard_card,,deterministic_date_to_card_mapping,https://cardblueprints.com/methodology,2026-08-15
03-22,3,22,March 22,march-22,A♦,Ace of Diamonds,A,diamonds,27,ace-of-diamonds,https://cardblueprints.com/birth-card/ace-of-diamonds,https://cardblueprints.com/born-on/march-22,standard_card,,deterministic_date_to_card_mapping,https://cardblueprints.com/methodology,2026-08-15
03-23,3,23,March 23,march-23,K♣,King of Clubs,K,clubs,26,king-of-clubs,https://cardblueprints.com/birth-card/king-of-clubs,https://cardblueprints.com/born-on/march-23,standard_card,,deterministic_date_to_card_mapping,https://cardblueprints.com/methodology,2026-08-15
03-24,3,24,March 24,march-24,Q♣,Queen of Clubs,Q,clubs,25,queen-of-clubs,https://cardblueprints.com/birth-card/queen-of-clubs,https://cardblueprints.com/born-on/march-24,standard_card,,deterministic_date_to_card_mapping,https://cardblueprints.com/methodology,2026-08-15
03-25,3,25,March 25,march-25,J♣,Jack of Clubs,J,clubs,24,jack-of-clubs,https://cardblueprints.com/birth-card/jack-of-clubs,https://cardblueprints.com/born-on/march-25,standard_card,,deterministic_date_to_card_mapping,https://cardblueprints.com/methodology,2026-08-15
03-26,3,26,March 26,march-26,10♣,10 of Clubs,10,clubs,23,10-of-clubs,https://cardblueprints.com/birth-card/10-of-clubs,https://cardblueprints.com/born-on/march-26,standard_card,,deterministic_date_to_card_mapping,https://cardblueprints.com/methodology,2026-08-15
03-27,3,27,March 27,march-27,9♣,9 of Clubs,9,clubs,22,9-of-clubs,https://cardblueprints.com/birth-card/9-of-clubs,https://cardblueprints.com/born-on/march-27,standard_card,,deterministic_date_to_card_mapping,https://cardblueprints.com/methodology,2026-08-15
03-28,3,28,March 28,march-28,8♣,8 of Clubs,8,clubs,21,8-of-clubs,https://cardblueprints.com/birth-card/8-of-clubs,https://cardblueprints.com/born-on/march-28,standard_card,,deterministic_date_to_card_mapping,https://cardblueprints.com/methodology,2026-08-15
03-29,3,29,March 29,march-29,7♣,7 of Clubs,7,clubs,20,7-of-clubs,https://cardblueprints.com/birth-card/7-of-clubs,https://cardblueprints.com/born-on/march-29,standard_card,,deterministic_date_to_card_mapping,https://cardblueprints.com/methodology,2026-08-15
03-30,3,30,March 30,march-30,6♣,6 of Clubs,6,clubs,19,6-of-clubs,https://cardblueprints.com/birth-card/6-of-clubs,https://cardblueprints.com/born-on/march-30,standard_card,,deterministic_date_to_card_mapping,https://cardblueprints.com/methodology,2026-08-15
03-31,3,31,March 31,march-31,5♣,5 of Clubs,5,clubs,18,5-of-clubs,https://cardblueprints.com/birth-card/5-of-clubs,https://cardblueprints.com/born-on/march-31,standard_card,,deterministic_date_to_card_mapping,https://cardblueprints.com/methodology,2026-08-15
04-01,4,1,April 1,april-1,7♠,7 of Spades,7,spades,46,7-of-spades,https://cardblueprints.com/birth-card/7-of-spades,https://cardblueprints.com/born-on/april-1,standard_card,,deterministic_date_to_card_mapping,https://cardblueprints.com/methodology,2026-08-15
04-02,4,2,April 2,april-2,6♠,6 of Spades,6,spades,45,6-of-spades,https://cardblueprints.com/birth-card/6-of-spades,https://cardblueprints.com/born-on/april-2,standard_card,,deterministic_date_to_card_mapping,https://cardblueprints.com/methodology,2026-08-15
04-03,4,3,April 3,april-3,5♠,5 of Spades,5,spades,44,5-of-spades,https://cardblueprints.com/birth-card/5-of-spades,https://cardblueprints.com/born-on/april-3,standard_card,,deterministic_date_to_card_mapping,https://cardblueprints.com/methodology,2026-08-15
04-04,4,4,April 4,april-4,4♠,4 of Spades,4,spades,43,4-of-spades,https://cardblueprints.com/birth-card/4-of-spades,https://cardblueprints.com/born-on/april-4,standard_card,,deterministic_date_to_card_mapping,https://cardblueprints.com/methodology,2026-08-15
04-05,4,5,April 5,april-5,3♠,3 of Spades,3,spades,42,3-of-spades,https://cardblueprints.com/birth-card/3-of-spades,https://cardblueprints.com/born-on/april-5,standard_card,,deterministic_date_to_card_mapping,https://cardblueprints.com/methodology,2026-08-15
04-06,4,6,April 6,april-6,2♠,2 of Spades,2,spades,41,2-of-spades,https://cardblueprints.com/birth-card/2-of-spades,https://cardblueprints.com/born-on/april-6,standard_card,,deterministic_date_to_card_mapping,https://cardblueprints.com/methodology,2026-08-15
04-07,4,7,April 7,april-7,A♠,Ace of Spades,A,spades,40,ace-of-spades,https://cardblueprints.com/birth-card/ace-of-spades,https://cardblueprints.com/born-on/april-7,standard_card,,deterministic_date_to_card_mapping,https://cardblueprints.com/methodology,2026-08-15
04-08,4,8,April 8,april-8,K♦,King of Diamonds,K,diamonds,39,king-of-diamonds,https://cardblueprints.com/birth-card/king-of-diamonds,https://cardblueprints.com/born-on/april-8,standard_card,,deterministic_date_to_card_mapping,https://cardblueprints.com/methodology,2026-08-15
04-09,4,9,April 9,april-9,Q♦,Queen of Diamonds,Q,diamonds,38,queen-of-diamonds,https://cardblueprints.com/birth-card/queen-of-diamonds,https://cardblueprints.com/born-on/april-9,standard_card,,deterministic_date_to_card_mapping,https://cardblueprints.com/methodology,2026-08-15
04-10,4,10,April 10,april-10,J♦,Jack of Diamonds,J,diamonds,37,jack-of-diamonds,https://cardblueprints.com/birth-card/jack-of-diamonds,https://cardblueprints.com/born-on/april-10,standard_card,,deterministic_date_to_card_mapping,https://cardblueprints.com/methodology,2026-08-15
04-11,4,11,April 11,april-11,10♦,10 of Diamonds,10,diamonds,36,10-of-diamonds,https://cardblueprints.com/birth-card/10-of-diamonds,https://cardblueprints.com/born-on/april-11,standard_card,,deterministic_date_to_card_mapping,https://cardblueprints.com/methodology,2026-08-15
04-12,4,12,April 12,april-12,9♦,9 of Diamonds,9,diamonds,35,9-of-diamonds,https://cardblueprints.com/birth-card/9-of-diamonds,https://cardblueprints.com/born-on/april-12,standard_card,,deterministic_date_to_card_mapping,https://cardblueprints.com/methodology,2026-08-15
04-13,4,13,April 13,april-13,8♦,8 of Diamonds,8,diamonds,34,8-of-diamonds,https://cardblueprints.com/birth-card/8-of-diamonds,https://cardblueprints.com/born-on/april-13,standard_card,,deterministic_date_to_card_mapping,https://cardblueprints.com/methodology,2026-08-15
04-14,4,14,April 14,april-14,7♦,7 of Diamonds,7,diamonds,33,7-of-diamonds,https://cardblueprints.com/birth-card/7-of-diamonds,https://cardblueprints.com/born-on/april-14,standard_card,,deterministic_date_to_card_mapping,https://cardblueprints.com/methodology,2026-08-15
04-15,4,15,April 15,april-15,6♦,6 of Diamonds,6,diamonds,32,6-of-diamonds,https://cardblueprints.com/birth-card/6-of-diamonds,https://cardblueprints.com/born-on/april-15,standard_card,,deterministic_date_to_card_mapping,https://cardblueprints.com/methodology,2026-08-15
04-16,4,16,April 16,april-16,5♦,5 of Diamonds,5,diamonds,31,5-of-diamonds,https://cardblueprints.com/birth-card/5-of-diamonds,https://cardblueprints.com/born-on/april-16,standard_card,,deterministic_date_to_card_mapping,https://cardblueprints.com/methodology,2026-08-15
04-17,4,17,April 17,april-17,4♦,4 of Diamonds,4,diamonds,30,4-of-diamonds,https://cardblueprints.com/birth-card/4-of-diamonds,https://cardblueprints.com/born-on/april-17,standard_card,,deterministic_date_to_card_mapping,https://cardblueprints.com/methodology,2026-08-15
04-18,4,18,April 18,april-18,3♦,3 of Diamonds,3,diamonds,29,3-of-diamonds,https://cardblueprints.com/birth-card/3-of-diamonds,https://cardblueprints.com/born-on/april-18,standard_card,,deterministic_date_to_card_mapping,https://cardblueprints.com/methodology,2026-08-15
04-19,4,19,April 19,april-19,2♦,2 of Diamonds,2,diamonds,28,2-of-diamonds,https://cardblueprints.com/birth-card/2-of-diamonds,https://cardblueprints.com/born-on/april-19,standard_card,,deterministic_date_to_card_mapping,https://cardblueprints.com/methodology,2026-08-15
04-20,4,20,April 20,april-20,A♦,Ace of Diamonds,A,diamonds,27,ace-of-diamonds,https://cardblueprints.com/birth-card/ace-of-diamonds,https://cardblueprints.com/born-on/april-20,standard_card,,deterministic_date_to_card_mapping,https://cardblueprints.com/methodology,2026-08-15
04-21,4,21,April 21,april-21,K♣,King of Clubs,K,clubs,26,king-of-clubs,https://cardblueprints.com/birth-card/king-of-clubs,https://cardblueprints.com/born-on/april-21,standard_card,,deterministic_date_to_card_mapping,https://cardblueprints.com/methodology,2026-08-15
04-22,4,22,April 22,april-22,Q♣,Queen of Clubs,Q,clubs,25,queen-of-clubs,https://cardblueprints.com/birth-card/queen-of-clubs,https://cardblueprints.com/born-on/april-22,standard_card,,deterministic_date_to_card_mapping,https://cardblueprints.com/methodology,2026-08-15
04-23,4,23,April 23,april-23,J♣,Jack of Clubs,J,clubs,24,jack-of-clubs,https://cardblueprints.com/birth-card/jack-of-clubs,https://cardblueprints.com/born-on/april-23,standard_card,,deterministic_date_to_card_mapping,https://cardblueprints.com/methodology,2026-08-15
04-24,4,24,April 24,april-24,10♣,10 of Clubs,10,clubs,23,10-of-clubs,https://cardblueprints.com/birth-card/10-of-clubs,https://cardblueprints.com/born-on/april-24,standard_card,,deterministic_date_to_card_mapping,https://cardblueprints.com/methodology,2026-08-15
04-25,4,25,April 25,april-25,9♣,9 of Clubs,9,clubs,22,9-of-clubs,https://cardblueprints.com/birth-card/9-of-clubs,https://cardblueprints.com/born-on/april-25,standard_card,,deterministic_date_to_card_mapping,https://cardblueprints.com/methodology,2026-08-15
04-26,4,26,April 26,april-26,8♣,8 of Clubs,8,clubs,21,8-of-clubs,https://cardblueprints.com/birth-card/8-of-clubs,https://cardblueprints.com/born-on/april-26,standard_card,,deterministic_date_to_card_mapping,https://cardblueprints.com/methodology,2026-08-15
04-27,4,27,April 27,april-27,7♣,7 of Clubs,7,clubs,20,7-of-clubs,https://cardblueprints.com/birth-card/7-of-clubs,https://cardblueprints.com/born-on/april-27,standard_card,,deterministic_date_to_card_mapping,https://cardblueprints.com/methodology,2026-08-15
04-28,4,28,April 28,april-28,6♣,6 of Clubs,6,clubs,19,6-of-clubs,https://cardblueprints.com/birth-card/6-of-clubs,https://cardblueprints.com/born-on/april-28,standard_card,,deterministic_date_to_card_mapping,https://cardblueprints.com/methodology,2026-08-15
04-29,4,29,April 29,april-29,5♣,5 of Clubs,5,clubs,18,5-of-clubs,https://cardblueprints.com/birth-card/5-of-clubs,https://cardblueprints.com/born-on/april-29,standard_card,,deterministic_date_to_card_mapping,https://cardblueprints.com/methodology,2026-08-15
04-30,4,30,April 30,april-30,4♣,4 of Clubs,4,clubs,17,4-of-clubs,https://cardblueprints.com/birth-card/4-of-clubs,https://cardblueprints.com/born-on/april-30,standard_card,,deterministic_date_to_card_mapping,https://cardblueprints.com/methodology,2026-08-15
05-01,5,1,May 1,may-1,5♠,5 of Spades,5,spades,44,5-of-spades,https://cardblueprints.com/birth-card/5-of-spades,https://cardblueprints.com/born-on/may-1,standard_card,,deterministic_date_to_card_mapping,https://cardblueprints.com/methodology,2026-08-15
05-02,5,2,May 2,may-2,4♠,4 of Spades,4,spades,43,4-of-spades,https://cardblueprints.com/birth-card/4-of-spades,https://cardblueprints.com/born-on/may-2,standard_card,,deterministic_date_to_card_mapping,https://cardblueprints.com/methodology,2026-08-15
05-03,5,3,May 3,may-3,3♠,3 of Spades,3,spades,42,3-of-spades,https://cardblueprints.com/birth-card/3-of-spades,https://cardblueprints.com/born-on/may-3,standard_card,,deterministic_date_to_card_mapping,https://cardblueprints.com/methodology,2026-08-15
05-04,5,4,May 4,may-4,2♠,2 of Spades,2,spades,41,2-of-spades,https://cardblueprints.com/birth-card/2-of-spades,https://cardblueprints.com/born-on/may-4,standard_card,,deterministic_date_to_card_mapping,https://cardblueprints.com/methodology,2026-08-15
05-05,5,5,May 5,may-5,A♠,Ace of Spades,A,spades,40,ace-of-spades,https://cardblueprints.com/birth-card/ace-of-spades,https://cardblueprints.com/born-on/may-5,standard_card,,deterministic_date_to_card_mapping,https://cardblueprints.com/methodology,2026-08-15
05-06,5,6,May 6,may-6,K♦,King of Diamonds,K,diamonds,39,king-of-diamonds,https://cardblueprints.com/birth-card/king-of-diamonds,https://cardblueprints.com/born-on/may-6,standard_card,,deterministic_date_to_card_mapping,https://cardblueprints.com/methodology,2026-08-15
05-07,5,7,May 7,may-7,Q♦,Queen of Diamonds,Q,diamonds,38,queen-of-diamonds,https://cardblueprints.com/birth-card/queen-of-diamonds,https://cardblueprints.com/born-on/may-7,standard_card,,deterministic_date_to_card_mapping,https://cardblueprints.com/methodology,2026-08-15
05-08,5,8,May 8,may-8,J♦,Jack of Diamonds,J,diamonds,37,jack-of-diamonds,https://cardblueprints.com/birth-card/jack-of-diamonds,https://cardblueprints.com/born-on/may-8,standard_card,,deterministic_date_to_card_mapping,https://cardblueprints.com/methodology,2026-08-15
05-09,5,9,May 9,may-9,10♦,10 of Diamonds,10,diamonds,36,10-of-diamonds,https://cardblueprints.com/birth-card/10-of-diamonds,https://cardblueprints.com/born-on/may-9,standard_card,,deterministic_date_to_card_mapping,https://cardblueprints.com/methodology,2026-08-15
05-10,5,10,May 10,may-10,9♦,9 of Diamonds,9,diamonds,35,9-of-diamonds,https://cardblueprints.com/birth-card/9-of-diamonds,https://cardblueprints.com/born-on/may-10,standard_card,,deterministic_date_to_card_mapping,https://cardblueprints.com/methodology,2026-08-15
05-11,5,11,May 11,may-11,8♦,8 of Diamonds,8,diamonds,34,8-of-diamonds,https://cardblueprints.com/birth-card/8-of-diamonds,https://cardblueprints.com/born-on/may-11,standard_card,,deterministic_date_to_card_mapping,https://cardblueprints.com/methodology,2026-08-15
05-12,5,12,May 12,may-12,7♦,7 of Diamonds,7,diamonds,33,7-of-diamonds,https://cardblueprints.com/birth-card/7-of-diamonds,https://cardblueprints.com/born-on/may-12,standard_card,,deterministic_date_to_card_mapping,https://cardblueprints.com/methodology,2026-08-15
05-13,5,13,May 13,may-13,6♦,6 of Diamonds,6,diamonds,32,6-of-diamonds,https://cardblueprints.com/birth-card/6-of-diamonds,https://cardblueprints.com/born-on/may-13,standard_card,,deterministic_date_to_card_mapping,https://cardblueprints.com/methodology,2026-08-15
05-14,5,14,May 14,may-14,5♦,5 of Diamonds,5,diamonds,31,5-of-diamonds,https://cardblueprints.com/birth-card/5-of-diamonds,https://cardblueprints.com/born-on/may-14,standard_card,,deterministic_date_to_card_mapping,https://cardblueprints.com/methodology,2026-08-15
05-15,5,15,May 15,may-15,4♦,4 of Diamonds,4,diamonds,30,4-of-diamonds,https://cardblueprints.com/birth-card/4-of-diamonds,https://cardblueprints.com/born-on/may-15,standard_card,,deterministic_date_to_card_mapping,https://cardblueprints.com/methodology,2026-08-15
05-16,5,16,May 16,may-16,3♦,3 of Diamonds,3,diamonds,29,3-of-diamonds,https://cardblueprints.com/birth-card/3-of-diamonds,https://cardblueprints.com/born-on/may-16,standard_card,,deterministic_date_to_card_mapping,https://cardblueprints.com/methodology,2026-08-15
05-17,5,17,May 17,may-17,2♦,2 of Diamonds,2,diamonds,28,2-of-diamonds,https://cardblueprints.com/birth-card/2-of-diamonds,https://cardblueprints.com/born-on/may-17,standard_card,,deterministic_date_to_card_mapping,https://cardblueprints.com/methodology,2026-08-15
05-18,5,18,May 18,may-18,A♦,Ace of Diamonds,A,diamonds,27,ace-of-diamonds,https://cardblueprints.com/birth-card/ace-of-diamonds,https://cardblueprints.com/born-on/may-18,standard_card,,deterministic_date_to_card_mapping,https://cardblueprints.com/methodology,2026-08-15
05-19,5,19,May 19,may-19,K♣,King of Clubs,K,clubs,26,king-of-clubs,https://cardblueprints.com/birth-card/king-of-clubs,https://cardblueprints.com/born-on/may-19,standard_card,,deterministic_date_to_card_mapping,https://cardblueprints.com/methodology,2026-08-15
05-20,5,20,May 20,may-20,Q♣,Queen of Clubs,Q,clubs,25,queen-of-clubs,https://cardblueprints.com/birth-card/queen-of-clubs,https://cardblueprints.com/born-on/may-20,standard_card,,deterministic_date_to_card_mapping,https://cardblueprints.com/methodology,2026-08-15
05-21,5,21,May 21,may-21,J♣,Jack of Clubs,J,clubs,24,jack-of-clubs,https://cardblueprints.com/birth-card/jack-of-clubs,https://cardblueprints.com/born-on/may-21,standard_card,,deterministic_date_to_card_mapping,https://cardblueprints.com/methodology,2026-08-15
05-22,5,22,May 22,may-22,10♣,10 of Clubs,10,clubs,23,10-of-clubs,https://cardblueprints.com/birth-card/10-of-clubs,https://cardblueprints.com/born-on/may-22,standard_card,,deterministic_date_to_card_mapping,https://cardblueprints.com/methodology,2026-08-15
05-23,5,23,May 23,may-23,9♣,9 of Clubs,9,clubs,22,9-of-clubs,https://cardblueprints.com/birth-card/9-of-clubs,https://cardblueprints.com/born-on/may-23,standard_card,,deterministic_date_to_card_mapping,https://cardblueprints.com/methodology,2026-08-15
05-24,5,24,May 24,may-24,8♣,8 of Clubs,8,clubs,21,8-of-clubs,https://cardblueprints.com/birth-card/8-of-clubs,https://cardblueprints.com/born-on/may-24,standard_card,,deterministic_date_to_card_mapping,https://cardblueprints.com/methodology,2026-08-15
05-25,5,25,May 25,may-25,7♣,7 of Clubs,7,clubs,20,7-of-clubs,https://cardblueprints.com/birth-card/7-of-clubs,https://cardblueprints.com/born-on/may-25,standard_card,,deterministic_date_to_card_mapping,https://cardblueprints.com/methodology,2026-08-15
05-26,5,26,May 26,may-26,6♣,6 of Clubs,6,clubs,19,6-of-clubs,https://cardblueprints.com/birth-card/6-of-clubs,https://cardblueprints.com/born-on/may-26,standard_card,,deterministic_date_to_card_mapping,https://cardblueprints.com/methodology,2026-08-15
05-27,5,27,May 27,may-27,5♣,5 of Clubs,5,clubs,18,5-of-clubs,https://cardblueprints.com/birth-card/5-of-clubs,https://cardblueprints.com/born-on/may-27,standard_card,,deterministic_date_to_card_mapping,https://cardblueprints.com/methodology,2026-08-15
05-28,5,28,May 28,may-28,4♣,4 of Clubs,4,clubs,17,4-of-clubs,https://cardblueprints.com/birth-card/4-of-clubs,https://cardblueprints.com/born-on/may-28,standard_card,,deterministic_date_to_card_mapping,https://cardblueprints.com/methodology,2026-08-15
05-29,5,29,May 29,may-29,3♣,3 of Clubs,3,clubs,16,3-of-clubs,https://cardblueprints.com/birth-card/3-of-clubs,https://cardblueprints.com/born-on/may-29,standard_card,,deterministic_date_to_card_mapping,https://cardblueprints.com/methodology,2026-08-15
05-30,5,30,May 30,may-30,2♣,2 of Clubs,2,clubs,15,2-of-clubs,https://cardblueprints.com/birth-card/2-of-clubs,https://cardblueprints.com/born-on/may-30,standard_card,,deterministic_date_to_card_mapping,https://cardblueprints.com/methodology,2026-08-15
05-31,5,31,May 31,may-31,A♣,Ace of Clubs,A,clubs,14,ace-of-clubs,https://cardblueprints.com/birth-card/ace-of-clubs,https://cardblueprints.com/born-on/may-31,standard_card,,deterministic_date_to_card_mapping,https://cardblueprints.com/methodology,2026-08-15
06-01,6,1,June 1,june-1,3♠,3 of Spades,3,spades,42,3-of-spades,https://cardblueprints.com/birth-card/3-of-spades,https://cardblueprints.com/born-on/june-1,standard_card,,deterministic_date_to_card_mapping,https://cardblueprints.com/methodology,2026-08-15
06-02,6,2,June 2,june-2,2♠,2 of Spades,2,spades,41,2-of-spades,https://cardblueprints.com/birth-card/2-of-spades,https://cardblueprints.com/born-on/june-2,standard_card,,deterministic_date_to_card_mapping,https://cardblueprints.com/methodology,2026-08-15
06-03,6,3,June 3,june-3,A♠,Ace of Spades,A,spades,40,ace-of-spades,https://cardblueprints.com/birth-card/ace-of-spades,https://cardblueprints.com/born-on/june-3,standard_card,,deterministic_date_to_card_mapping,https://cardblueprints.com/methodology,2026-08-15
06-04,6,4,June 4,june-4,K♦,King of Diamonds,K,diamonds,39,king-of-diamonds,https://cardblueprints.com/birth-card/king-of-diamonds,https://cardblueprints.com/born-on/june-4,standard_card,,deterministic_date_to_card_mapping,https://cardblueprints.com/methodology,2026-08-15
06-05,6,5,June 5,june-5,Q♦,Queen of Diamonds,Q,diamonds,38,queen-of-diamonds,https://cardblueprints.com/birth-card/queen-of-diamonds,https://cardblueprints.com/born-on/june-5,standard_card,,deterministic_date_to_card_mapping,https://cardblueprints.com/methodology,2026-08-15
06-06,6,6,June 6,june-6,J♦,Jack of Diamonds,J,diamonds,37,jack-of-diamonds,https://cardblueprints.com/birth-card/jack-of-diamonds,https://cardblueprints.com/born-on/june-6,standard_card,,deterministic_date_to_card_mapping,https://cardblueprints.com/methodology,2026-08-15
06-07,6,7,June 7,june-7,10♦,10 of Diamonds,10,diamonds,36,10-of-diamonds,https://cardblueprints.com/birth-card/10-of-diamonds,https://cardblueprints.com/born-on/june-7,standard_card,,deterministic_date_to_card_mapping,https://cardblueprints.com/methodology,2026-08-15
06-08,6,8,June 8,june-8,9♦,9 of Diamonds,9,diamonds,35,9-of-diamonds,https://cardblueprints.com/birth-card/9-of-diamonds,https://cardblueprints.com/born-on/june-8,standard_card,,deterministic_date_to_card_mapping,https://cardblueprints.com/methodology,2026-08-15
06-09,6,9,June 9,june-9,8♦,8 of Diamonds,8,diamonds,34,8-of-diamonds,https://cardblueprints.com/birth-card/8-of-diamonds,https://cardblueprints.com/born-on/june-9,standard_card,,deterministic_date_to_card_mapping,https://cardblueprints.com/methodology,2026-08-15
06-10,6,10,June 10,june-10,7♦,7 of Diamonds,7,diamonds,33,7-of-diamonds,https://cardblueprints.com/birth-card/7-of-diamonds,https://cardblueprints.com/born-on/june-10,standard_card,,deterministic_date_to_card_mapping,https://cardblueprints.com/methodology,2026-08-15
06-11,6,11,June 11,june-11,6♦,6 of Diamonds,6,diamonds,32,6-of-diamonds,https://cardblueprints.com/birth-card/6-of-diamonds,https://cardblueprints.com/born-on/june-11,standard_card,,deterministic_date_to_card_mapping,https://cardblueprints.com/methodology,2026-08-15
06-12,6,12,June 12,june-12,5♦,5 of Diamonds,5,diamonds,31,5-of-diamonds,https://cardblueprints.com/birth-card/5-of-diamonds,https://cardblueprints.com/born-on/june-12,standard_card,,deterministic_date_to_card_mapping,https://cardblueprints.com/methodology,2026-08-15
06-13,6,13,June 13,june-13,4♦,4 of Diamonds,4,diamonds,30,4-of-diamonds,https://cardblueprints.com/birth-card/4-of-diamonds,https://cardblueprints.com/born-on/june-13,standard_card,,deterministic_date_to_card_mapping,https://cardblueprints.com/methodology,2026-08-15
06-14,6,14,June 14,june-14,3♦,3 of Diamonds,3,diamonds,29,3-of-diamonds,https://cardblueprints.com/birth-card/3-of-diamonds,https://cardblueprints.com/born-on/june-14,standard_card,,deterministic_date_to_card_mapping,https://cardblueprints.com/methodology,2026-08-15
06-15,6,15,June 15,june-15,2♦,2 of Diamonds,2,diamonds,28,2-of-diamonds,https://cardblueprints.com/birth-card/2-of-diamonds,https://cardblueprints.com/born-on/june-15,standard_card,,deterministic_date_to_card_mapping,https://cardblueprints.com/methodology,2026-08-15
06-16,6,16,June 16,june-16,A♦,Ace of Diamonds,A,diamonds,27,ace-of-diamonds,https://cardblueprints.com/birth-card/ace-of-diamonds,https://cardblueprints.com/born-on/june-16,standard_card,,deterministic_date_to_card_mapping,https://cardblueprints.com/methodology,2026-08-15
06-17,6,17,June 17,june-17,K♣,King of Clubs,K,clubs,26,king-of-clubs,https://cardblueprints.com/birth-card/king-of-clubs,https://cardblueprints.com/born-on/june-17,standard_card,,deterministic_date_to_card_mapping,https://cardblueprints.com/methodology,2026-08-15
06-18,6,18,June 18,june-18,Q♣,Queen of Clubs,Q,clubs,25,queen-of-clubs,https://cardblueprints.com/birth-card/queen-of-clubs,https://cardblueprints.com/born-on/june-18,standard_card,,deterministic_date_to_card_mapping,https://cardblueprints.com/methodology,2026-08-15
06-19,6,19,June 19,june-19,J♣,Jack of Clubs,J,clubs,24,jack-of-clubs,https://cardblueprints.com/birth-card/jack-of-clubs,https://cardblueprints.com/born-on/june-19,standard_card,,deterministic_date_to_card_mapping,https://cardblueprints.com/methodology,2026-08-15
06-20,6,20,June 20,june-20,10♣,10 of Clubs,10,clubs,23,10-of-clubs,https://cardblueprints.com/birth-card/10-of-clubs,https://cardblueprints.com/born-on/june-20,standard_card,,deterministic_date_to_card_mapping,https://cardblueprints.com/methodology,2026-08-15
06-21,6,21,June 21,june-21,9♣,9 of Clubs,9,clubs,22,9-of-clubs,https://cardblueprints.com/birth-card/9-of-clubs,https://cardblueprints.com/born-on/june-21,standard_card,,deterministic_date_to_card_mapping,https://cardblueprints.com/methodology,2026-08-15
06-22,6,22,June 22,june-22,8♣,8 of Clubs,8,clubs,21,8-of-clubs,https://cardblueprints.com/birth-card/8-of-clubs,https://cardblueprints.com/born-on/june-22,standard_card,,deterministic_date_to_card_mapping,https://cardblueprints.com/methodology,2026-08-15
06-23,6,23,June 23,june-23,7♣,7 of Clubs,7,clubs,20,7-of-clubs,https://cardblueprints.com/birth-card/7-of-clubs,https://cardblueprints.com/born-on/june-23,standard_card,,deterministic_date_to_card_mapping,https://cardblueprints.com/methodology,2026-08-15
06-24,6,24,June 24,june-24,6♣,6 of Clubs,6,clubs,19,6-of-clubs,https://cardblueprints.com/birth-card/6-of-clubs,https://cardblueprints.com/born-on/june-24,standard_card,,deterministic_date_to_card_mapping,https://cardblueprints.com/methodology,2026-08-15
06-25,6,25,June 25,june-25,5♣,5 of Clubs,5,clubs,18,5-of-clubs,https://cardblueprints.com/birth-card/5-of-clubs,https://cardblueprints.com/born-on/june-25,standard_card,,deterministic_date_to_card_mapping,https://cardblueprints.com/methodology,2026-08-15
06-26,6,26,June 26,june-26,4♣,4 of Clubs,4,clubs,17,4-of-clubs,https://cardblueprints.com/birth-card/4-of-clubs,https://cardblueprints.com/born-on/june-26,standard_card,,deterministic_date_to_card_mapping,https://cardblueprints.com/methodology,2026-08-15
06-27,6,27,June 27,june-27,3♣,3 of Clubs,3,clubs,16,3-of-clubs,https://cardblueprints.com/birth-card/3-of-clubs,https://cardblueprints.com/born-on/june-27,standard_card,,deterministic_date_to_card_mapping,https://cardblueprints.com/methodology,2026-08-15
06-28,6,28,June 28,june-28,2♣,2 of Clubs,2,clubs,15,2-of-clubs,https://cardblueprints.com/birth-card/2-of-clubs,https://cardblueprints.com/born-on/june-28,standard_card,,deterministic_date_to_card_mapping,https://cardblueprints.com/methodology,2026-08-15
06-29,6,29,June 29,june-29,A♣,Ace of Clubs,A,clubs,14,ace-of-clubs,https://cardblueprints.com/birth-card/ace-of-clubs,https://cardblueprints.com/born-on/june-29,standard_card,,deterministic_date_to_card_mapping,https://cardblueprints.com/methodology,2026-08-15
06-30,6,30,June 30,june-30,K♥,King of Hearts,K,hearts,13,king-of-hearts,https://cardblueprints.com/birth-card/king-of-hearts,https://cardblueprints.com/born-on/june-30,standard_card,,deterministic_date_to_card_mapping,https://cardblueprints.com/methodology,2026-08-15
07-01,7,1,July 1,july-1,A♠,Ace of Spades,A,spades,40,ace-of-spades,https://cardblueprints.com/birth-card/ace-of-spades,https://cardblueprints.com/born-on/july-1,standard_card,,deterministic_date_to_card_mapping,https://cardblueprints.com/methodology,2026-08-15
07-02,7,2,July 2,july-2,K♦,King of Diamonds,K,diamonds,39,king-of-diamonds,https://cardblueprints.com/birth-card/king-of-diamonds,https://cardblueprints.com/born-on/july-2,standard_card,,deterministic_date_to_card_mapping,https://cardblueprints.com/methodology,2026-08-15
07-03,7,3,July 3,july-3,Q♦,Queen of Diamonds,Q,diamonds,38,queen-of-diamonds,https://cardblueprints.com/birth-card/queen-of-diamonds,https://cardblueprints.com/born-on/july-3,standard_card,,deterministic_date_to_card_mapping,https://cardblueprints.com/methodology,2026-08-15
07-04,7,4,July 4,july-4,J♦,Jack of Diamonds,J,diamonds,37,jack-of-diamonds,https://cardblueprints.com/birth-card/jack-of-diamonds,https://cardblueprints.com/born-on/july-4,standard_card,,deterministic_date_to_card_mapping,https://cardblueprints.com/methodology,2026-08-15
07-05,7,5,July 5,july-5,10♦,10 of Diamonds,10,diamonds,36,10-of-diamonds,https://cardblueprints.com/birth-card/10-of-diamonds,https://cardblueprints.com/born-on/july-5,standard_card,,deterministic_date_to_card_mapping,https://cardblueprints.com/methodology,2026-08-15
07-06,7,6,July 6,july-6,9♦,9 of Diamonds,9,diamonds,35,9-of-diamonds,https://cardblueprints.com/birth-card/9-of-diamonds,https://cardblueprints.com/born-on/july-6,standard_card,,deterministic_date_to_card_mapping,https://cardblueprints.com/methodology,2026-08-15
07-07,7,7,July 7,july-7,8♦,8 of Diamonds,8,diamonds,34,8-of-diamonds,https://cardblueprints.com/birth-card/8-of-diamonds,https://cardblueprints.com/born-on/july-7,standard_card,,deterministic_date_to_card_mapping,https://cardblueprints.com/methodology,2026-08-15
07-08,7,8,July 8,july-8,7♦,7 of Diamonds,7,diamonds,33,7-of-diamonds,https://cardblueprints.com/birth-card/7-of-diamonds,https://cardblueprints.com/born-on/july-8,standard_card,,deterministic_date_to_card_mapping,https://cardblueprints.com/methodology,2026-08-15
07-09,7,9,July 9,july-9,6♦,6 of Diamonds,6,diamonds,32,6-of-diamonds,https://cardblueprints.com/birth-card/6-of-diamonds,https://cardblueprints.com/born-on/july-9,standard_card,,deterministic_date_to_card_mapping,https://cardblueprints.com/methodology,2026-08-15
07-10,7,10,July 10,july-10,5♦,5 of Diamonds,5,diamonds,31,5-of-diamonds,https://cardblueprints.com/birth-card/5-of-diamonds,https://cardblueprints.com/born-on/july-10,standard_card,,deterministic_date_to_card_mapping,https://cardblueprints.com/methodology,2026-08-15
07-11,7,11,July 11,july-11,4♦,4 of Diamonds,4,diamonds,30,4-of-diamonds,https://cardblueprints.com/birth-card/4-of-diamonds,https://cardblueprints.com/born-on/july-11,standard_card,,deterministic_date_to_card_mapping,https://cardblueprints.com/methodology,2026-08-15
07-12,7,12,July 12,july-12,3♦,3 of Diamonds,3,diamonds,29,3-of-diamonds,https://cardblueprints.com/birth-card/3-of-diamonds,https://cardblueprints.com/born-on/july-12,standard_card,,deterministic_date_to_card_mapping,https://cardblueprints.com/methodology,2026-08-15
07-13,7,13,July 13,july-13,2♦,2 of Diamonds,2,diamonds,28,2-of-diamonds,https://cardblueprints.com/birth-card/2-of-diamonds,https://cardblueprints.com/born-on/july-13,standard_card,,deterministic_date_to_card_mapping,https://cardblueprints.com/methodology,2026-08-15
07-14,7,14,July 14,july-14,A♦,Ace of Diamonds,A,diamonds,27,ace-of-diamonds,https://cardblueprints.com/birth-card/ace-of-diamonds,https://cardblueprints.com/born-on/july-14,standard_card,,deterministic_date_to_card_mapping,https://cardblueprints.com/methodology,2026-08-15
07-15,7,15,July 15,july-15,K♣,King of Clubs,K,clubs,26,king-of-clubs,https://cardblueprints.com/birth-card/king-of-clubs,https://cardblueprints.com/born-on/july-15,standard_card,,deterministic_date_to_card_mapping,https://cardblueprints.com/methodology,2026-08-15
07-16,7,16,July 16,july-16,Q♣,Queen of Clubs,Q,clubs,25,queen-of-clubs,https://cardblueprints.com/birth-card/queen-of-clubs,https://cardblueprints.com/born-on/july-16,standard_card,,deterministic_date_to_card_mapping,https://cardblueprints.com/methodology,2026-08-15
07-17,7,17,July 17,july-17,J♣,Jack of Clubs,J,clubs,24,jack-of-clubs,https://cardblueprints.com/birth-card/jack-of-clubs,https://cardblueprints.com/born-on/july-17,standard_card,,deterministic_date_to_card_mapping,https://cardblueprints.com/methodology,2026-08-15
07-18,7,18,July 18,july-18,10♣,10 of Clubs,10,clubs,23,10-of-clubs,https://cardblueprints.com/birth-card/10-of-clubs,https://cardblueprints.com/born-on/july-18,standard_card,,deterministic_date_to_card_mapping,https://cardblueprints.com/methodology,2026-08-15
07-19,7,19,July 19,july-19,9♣,9 of Clubs,9,clubs,22,9-of-clubs,https://cardblueprints.com/birth-card/9-of-clubs,https://cardblueprints.com/born-on/july-19,standard_card,,deterministic_date_to_card_mapping,https://cardblueprints.com/methodology,2026-08-15
07-20,7,20,July 20,july-20,8♣,8 of Clubs,8,clubs,21,8-of-clubs,https://cardblueprints.com/birth-card/8-of-clubs,https://cardblueprints.com/born-on/july-20,standard_card,,deterministic_date_to_card_mapping,https://cardblueprints.com/methodology,2026-08-15
07-21,7,21,July 21,july-21,7♣,7 of Clubs,7,clubs,20,7-of-clubs,https://cardblueprints.com/birth-card/7-of-clubs,https://cardblueprints.com/born-on/july-21,standard_card,,deterministic_date_to_card_mapping,https://cardblueprints.com/methodology,2026-08-15
07-22,7,22,July 22,july-22,6♣,6 of Clubs,6,clubs,19,6-of-clubs,https://cardblueprints.com/birth-card/6-of-clubs,https://cardblueprints.com/born-on/july-22,standard_card,,deterministic_date_to_card_mapping,https://cardblueprints.com/methodology,2026-08-15
07-23,7,23,July 23,july-23,5♣,5 of Clubs,5,clubs,18,5-of-clubs,https://cardblueprints.com/birth-card/5-of-clubs,https://cardblueprints.com/born-on/july-23,standard_card,,deterministic_date_to_card_mapping,https://cardblueprints.com/methodology,2026-08-15
07-24,7,24,July 24,july-24,4♣,4 of Clubs,4,clubs,17,4-of-clubs,https://cardblueprints.com/birth-card/4-of-clubs,https://cardblueprints.com/born-on/july-24,standard_card,,deterministic_date_to_card_mapping,https://cardblueprints.com/methodology,2026-08-15
07-25,7,25,July 25,july-25,3♣,3 of Clubs,3,clubs,16,3-of-clubs,https://cardblueprints.com/birth-card/3-of-clubs,https://cardblueprints.com/born-on/july-25,standard_card,,deterministic_date_to_card_mapping,https://cardblueprints.com/methodology,2026-08-15
07-26,7,26,July 26,july-26,2♣,2 of Clubs,2,clubs,15,2-of-clubs,https://cardblueprints.com/birth-card/2-of-clubs,https://cardblueprints.com/born-on/july-26,standard_card,,deterministic_date_to_card_mapping,https://cardblueprints.com/methodology,2026-08-15
07-27,7,27,July 27,july-27,A♣,Ace of Clubs,A,clubs,14,ace-of-clubs,https://cardblueprints.com/birth-card/ace-of-clubs,https://cardblueprints.com/born-on/july-27,standard_card,,deterministic_date_to_card_mapping,https://cardblueprints.com/methodology,2026-08-15
07-28,7,28,July 28,july-28,K♥,King of Hearts,K,hearts,13,king-of-hearts,https://cardblueprints.com/birth-card/king-of-hearts,https://cardblueprints.com/born-on/july-28,standard_card,,deterministic_date_to_card_mapping,https://cardblueprints.com/methodology,2026-08-15
07-29,7,29,July 29,july-29,Q♥,Queen of Hearts,Q,hearts,12,queen-of-hearts,https://cardblueprints.com/birth-card/queen-of-hearts,https://cardblueprints.com/born-on/july-29,standard_card,,deterministic_date_to_card_mapping,https://cardblueprints.com/methodology,2026-08-15
07-30,7,30,July 30,july-30,J♥,Jack of Hearts,J,hearts,11,jack-of-hearts,https://cardblueprints.com/birth-card/jack-of-hearts,https://cardblueprints.com/born-on/july-30,standard_card,,deterministic_date_to_card_mapping,https://cardblueprints.com/methodology,2026-08-15
07-31,7,31,July 31,july-31,10♥,10 of Hearts,10,hearts,10,10-of-hearts,https://cardblueprints.com/birth-card/10-of-hearts,https://cardblueprints.com/born-on/july-31,standard_card,,deterministic_date_to_card_mapping,https://cardblueprints.com/methodology,2026-08-15
08-01,8,1,August 1,august-1,Q♦,Queen of Diamonds,Q,diamonds,38,queen-of-diamonds,https://cardblueprints.com/birth-card/queen-of-diamonds,https://cardblueprints.com/born-on/august-1,standard_card,,deterministic_date_to_card_mapping,https://cardblueprints.com/methodology,2026-08-15
08-02,8,2,August 2,august-2,J♦,Jack of Diamonds,J,diamonds,37,jack-of-diamonds,https://cardblueprints.com/birth-card/jack-of-diamonds,https://cardblueprints.com/born-on/august-2,standard_card,,deterministic_date_to_card_mapping,https://cardblueprints.com/methodology,2026-08-15
08-03,8,3,August 3,august-3,10♦,10 of Diamonds,10,diamonds,36,10-of-diamonds,https://cardblueprints.com/birth-card/10-of-diamonds,https://cardblueprints.com/born-on/august-3,standard_card,,deterministic_date_to_card_mapping,https://cardblueprints.com/methodology,2026-08-15
08-04,8,4,August 4,august-4,9♦,9 of Diamonds,9,diamonds,35,9-of-diamonds,https://cardblueprints.com/birth-card/9-of-diamonds,https://cardblueprints.com/born-on/august-4,standard_card,,deterministic_date_to_card_mapping,https://cardblueprints.com/methodology,2026-08-15
08-05,8,5,August 5,august-5,8♦,8 of Diamonds,8,diamonds,34,8-of-diamonds,https://cardblueprints.com/birth-card/8-of-diamonds,https://cardblueprints.com/born-on/august-5,standard_card,,deterministic_date_to_card_mapping,https://cardblueprints.com/methodology,2026-08-15
08-06,8,6,August 6,august-6,7♦,7 of Diamonds,7,diamonds,33,7-of-diamonds,https://cardblueprints.com/birth-card/7-of-diamonds,https://cardblueprints.com/born-on/august-6,standard_card,,deterministic_date_to_card_mapping,https://cardblueprints.com/methodology,2026-08-15
08-07,8,7,August 7,august-7,6♦,6 of Diamonds,6,diamonds,32,6-of-diamonds,https://cardblueprints.com/birth-card/6-of-diamonds,https://cardblueprints.com/born-on/august-7,standard_card,,deterministic_date_to_card_mapping,https://cardblueprints.com/methodology,2026-08-15
08-08,8,8,August 8,august-8,5♦,5 of Diamonds,5,diamonds,31,5-of-diamonds,https://cardblueprints.com/birth-card/5-of-diamonds,https://cardblueprints.com/born-on/august-8,standard_card,,deterministic_date_to_card_mapping,https://cardblueprints.com/methodology,2026-08-15
08-09,8,9,August 9,august-9,4♦,4 of Diamonds,4,diamonds,30,4-of-diamonds,https://cardblueprints.com/birth-card/4-of-diamonds,https://cardblueprints.com/born-on/august-9,standard_card,,deterministic_date_to_card_mapping,https://cardblueprints.com/methodology,2026-08-15
08-10,8,10,August 10,august-10,3♦,3 of Diamonds,3,diamonds,29,3-of-diamonds,https://cardblueprints.com/birth-card/3-of-diamonds,https://cardblueprints.com/born-on/august-10,standard_card,,deterministic_date_to_card_mapping,https://cardblueprints.com/methodology,2026-08-15
08-11,8,11,August 11,august-11,2♦,2 of Diamonds,2,diamonds,28,2-of-diamonds,https://cardblueprints.com/birth-card/2-of-diamonds,https://cardblueprints.com/born-on/august-11,standard_card,,deterministic_date_to_card_mapping,https://cardblueprints.com/methodology,2026-08-15
08-12,8,12,August 12,august-12,A♦,Ace of Diamonds,A,diamonds,27,ace-of-diamonds,https://cardblueprints.com/birth-card/ace-of-diamonds,https://cardblueprints.com/born-on/august-12,standard_card,,deterministic_date_to_card_mapping,https://cardblueprints.com/methodology,2026-08-15
08-13,8,13,August 13,august-13,K♣,King of Clubs,K,clubs,26,king-of-clubs,https://cardblueprints.com/birth-card/king-of-clubs,https://cardblueprints.com/born-on/august-13,standard_card,,deterministic_date_to_card_mapping,https://cardblueprints.com/methodology,2026-08-15
08-14,8,14,August 14,august-14,Q♣,Queen of Clubs,Q,clubs,25,queen-of-clubs,https://cardblueprints.com/birth-card/queen-of-clubs,https://cardblueprints.com/born-on/august-14,standard_card,,deterministic_date_to_card_mapping,https://cardblueprints.com/methodology,2026-08-15
08-15,8,15,August 15,august-15,J♣,Jack of Clubs,J,clubs,24,jack-of-clubs,https://cardblueprints.com/birth-card/jack-of-clubs,https://cardblueprints.com/born-on/august-15,standard_card,,deterministic_date_to_card_mapping,https://cardblueprints.com/methodology,2026-08-15
08-16,8,16,August 16,august-16,10♣,10 of Clubs,10,clubs,23,10-of-clubs,https://cardblueprints.com/birth-card/10-of-clubs,https://cardblueprints.com/born-on/august-16,standard_card,,deterministic_date_to_card_mapping,https://cardblueprints.com/methodology,2026-08-15
08-17,8,17,August 17,august-17,9♣,9 of Clubs,9,clubs,22,9-of-clubs,https://cardblueprints.com/birth-card/9-of-clubs,https://cardblueprints.com/born-on/august-17,standard_card,,deterministic_date_to_card_mapping,https://cardblueprints.com/methodology,2026-08-15
08-18,8,18,August 18,august-18,8♣,8 of Clubs,8,clubs,21,8-of-clubs,https://cardblueprints.com/birth-card/8-of-clubs,https://cardblueprints.com/born-on/august-18,standard_card,,deterministic_date_to_card_mapping,https://cardblueprints.com/methodology,2026-08-15
08-19,8,19,August 19,august-19,7♣,7 of Clubs,7,clubs,20,7-of-clubs,https://cardblueprints.com/birth-card/7-of-clubs,https://cardblueprints.com/born-on/august-19,standard_card,,deterministic_date_to_card_mapping,https://cardblueprints.com/methodology,2026-08-15
08-20,8,20,August 20,august-20,6♣,6 of Clubs,6,clubs,19,6-of-clubs,https://cardblueprints.com/birth-card/6-of-clubs,https://cardblueprints.com/born-on/august-20,standard_card,,deterministic_date_to_card_mapping,https://cardblueprints.com/methodology,2026-08-15
08-21,8,21,August 21,august-21,5♣,5 of Clubs,5,clubs,18,5-of-clubs,https://cardblueprints.com/birth-card/5-of-clubs,https://cardblueprints.com/born-on/august-21,standard_card,,deterministic_date_to_card_mapping,https://cardblueprints.com/methodology,2026-08-15
08-22,8,22,August 22,august-22,4♣,4 of Clubs,4,clubs,17,4-of-clubs,https://cardblueprints.com/birth-card/4-of-clubs,https://cardblueprints.com/born-on/august-22,standard_card,,deterministic_date_to_card_mapping,https://cardblueprints.com/methodology,2026-08-15
08-23,8,23,August 23,august-23,3♣,3 of Clubs,3,clubs,16,3-of-clubs,https://cardblueprints.com/birth-card/3-of-clubs,https://cardblueprints.com/born-on/august-23,standard_card,,deterministic_date_to_card_mapping,https://cardblueprints.com/methodology,2026-08-15
08-24,8,24,August 24,august-24,2♣,2 of Clubs,2,clubs,15,2-of-clubs,https://cardblueprints.com/birth-card/2-of-clubs,https://cardblueprints.com/born-on/august-24,standard_card,,deterministic_date_to_card_mapping,https://cardblueprints.com/methodology,2026-08-15
08-25,8,25,August 25,august-25,A♣,Ace of Clubs,A,clubs,14,ace-of-clubs,https://cardblueprints.com/birth-card/ace-of-clubs,https://cardblueprints.com/born-on/august-25,standard_card,,deterministic_date_to_card_mapping,https://cardblueprints.com/methodology,2026-08-15
08-26,8,26,August 26,august-26,K♥,King of Hearts,K,hearts,13,king-of-hearts,https://cardblueprints.com/birth-card/king-of-hearts,https://cardblueprints.com/born-on/august-26,standard_card,,deterministic_date_to_card_mapping,https://cardblueprints.com/methodology,2026-08-15
08-27,8,27,August 27,august-27,Q♥,Queen of Hearts,Q,hearts,12,queen-of-hearts,https://cardblueprints.com/birth-card/queen-of-hearts,https://cardblueprints.com/born-on/august-27,standard_card,,deterministic_date_to_card_mapping,https://cardblueprints.com/methodology,2026-08-15
08-28,8,28,August 28,august-28,J♥,Jack of Hearts,J,hearts,11,jack-of-hearts,https://cardblueprints.com/birth-card/jack-of-hearts,https://cardblueprints.com/born-on/august-28,standard_card,,deterministic_date_to_card_mapping,https://cardblueprints.com/methodology,2026-08-15
08-29,8,29,August 29,august-29,10♥,10 of Hearts,10,hearts,10,10-of-hearts,https://cardblueprints.com/birth-card/10-of-hearts,https://cardblueprints.com/born-on/august-29,standard_card,,deterministic_date_to_card_mapping,https://cardblueprints.com/methodology,2026-08-15
08-30,8,30,August 30,august-30,9♥,9 of Hearts,9,hearts,9,9-of-hearts,https://cardblueprints.com/birth-card/9-of-hearts,https://cardblueprints.com/born-on/august-30,standard_card,,deterministic_date_to_card_mapping,https://cardblueprints.com/methodology,2026-08-15
08-31,8,31,August 31,august-31,8♥,8 of Hearts,8,hearts,8,8-of-hearts,https://cardblueprints.com/birth-card/8-of-hearts,https://cardblueprints.com/born-on/august-31,standard_card,,deterministic_date_to_card_mapping,https://cardblueprints.com/methodology,2026-08-15
09-01,9,1,September 1,september-1,10♦,10 of Diamonds,10,diamonds,36,10-of-diamonds,https://cardblueprints.com/birth-card/10-of-diamonds,https://cardblueprints.com/born-on/september-1,standard_card,,deterministic_date_to_card_mapping,https://cardblueprints.com/methodology,2026-08-15
09-02,9,2,September 2,september-2,9♦,9 of Diamonds,9,diamonds,35,9-of-diamonds,https://cardblueprints.com/birth-card/9-of-diamonds,https://cardblueprints.com/born-on/september-2,standard_card,,deterministic_date_to_card_mapping,https://cardblueprints.com/methodology,2026-08-15
09-03,9,3,September 3,september-3,8♦,8 of Diamonds,8,diamonds,34,8-of-diamonds,https://cardblueprints.com/birth-card/8-of-diamonds,https://cardblueprints.com/born-on/september-3,standard_card,,deterministic_date_to_card_mapping,https://cardblueprints.com/methodology,2026-08-15
09-04,9,4,September 4,september-4,7♦,7 of Diamonds,7,diamonds,33,7-of-diamonds,https://cardblueprints.com/birth-card/7-of-diamonds,https://cardblueprints.com/born-on/september-4,standard_card,,deterministic_date_to_card_mapping,https://cardblueprints.com/methodology,2026-08-15
09-05,9,5,September 5,september-5,6♦,6 of Diamonds,6,diamonds,32,6-of-diamonds,https://cardblueprints.com/birth-card/6-of-diamonds,https://cardblueprints.com/born-on/september-5,standard_card,,deterministic_date_to_card_mapping,https://cardblueprints.com/methodology,2026-08-15
09-06,9,6,September 6,september-6,5♦,5 of Diamonds,5,diamonds,31,5-of-diamonds,https://cardblueprints.com/birth-card/5-of-diamonds,https://cardblueprints.com/born-on/september-6,standard_card,,deterministic_date_to_card_mapping,https://cardblueprints.com/methodology,2026-08-15
09-07,9,7,September 7,september-7,4♦,4 of Diamonds,4,diamonds,30,4-of-diamonds,https://cardblueprints.com/birth-card/4-of-diamonds,https://cardblueprints.com/born-on/september-7,standard_card,,deterministic_date_to_card_mapping,https://cardblueprints.com/methodology,2026-08-15
09-08,9,8,September 8,september-8,3♦,3 of Diamonds,3,diamonds,29,3-of-diamonds,https://cardblueprints.com/birth-card/3-of-diamonds,https://cardblueprints.com/born-on/september-8,standard_card,,deterministic_date_to_card_mapping,https://cardblueprints.com/methodology,2026-08-15
09-09,9,9,September 9,september-9,2♦,2 of Diamonds,2,diamonds,28,2-of-diamonds,https://cardblueprints.com/birth-card/2-of-diamonds,https://cardblueprints.com/born-on/september-9,standard_card,,deterministic_date_to_card_mapping,https://cardblueprints.com/methodology,2026-08-15
09-10,9,10,September 10,september-10,A♦,Ace of Diamonds,A,diamonds,27,ace-of-diamonds,https://cardblueprints.com/birth-card/ace-of-diamonds,https://cardblueprints.com/born-on/september-10,standard_card,,deterministic_date_to_card_mapping,https://cardblueprints.com/methodology,2026-08-15
09-11,9,11,September 11,september-11,K♣,King of Clubs,K,clubs,26,king-of-clubs,https://cardblueprints.com/birth-card/king-of-clubs,https://cardblueprints.com/born-on/september-11,standard_card,,deterministic_date_to_card_mapping,https://cardblueprints.com/methodology,2026-08-15
09-12,9,12,September 12,september-12,Q♣,Queen of Clubs,Q,clubs,25,queen-of-clubs,https://cardblueprints.com/birth-card/queen-of-clubs,https://cardblueprints.com/born-on/september-12,standard_card,,deterministic_date_to_card_mapping,https://cardblueprints.com/methodology,2026-08-15
09-13,9,13,September 13,september-13,J♣,Jack of Clubs,J,clubs,24,jack-of-clubs,https://cardblueprints.com/birth-card/jack-of-clubs,https://cardblueprints.com/born-on/september-13,standard_card,,deterministic_date_to_card_mapping,https://cardblueprints.com/methodology,2026-08-15
09-14,9,14,September 14,september-14,10♣,10 of Clubs,10,clubs,23,10-of-clubs,https://cardblueprints.com/birth-card/10-of-clubs,https://cardblueprints.com/born-on/september-14,standard_card,,deterministic_date_to_card_mapping,https://cardblueprints.com/methodology,2026-08-15
09-15,9,15,September 15,september-15,9♣,9 of Clubs,9,clubs,22,9-of-clubs,https://cardblueprints.com/birth-card/9-of-clubs,https://cardblueprints.com/born-on/september-15,standard_card,,deterministic_date_to_card_mapping,https://cardblueprints.com/methodology,2026-08-15
09-16,9,16,September 16,september-16,8♣,8 of Clubs,8,clubs,21,8-of-clubs,https://cardblueprints.com/birth-card/8-of-clubs,https://cardblueprints.com/born-on/september-16,standard_card,,deterministic_date_to_card_mapping,https://cardblueprints.com/methodology,2026-08-15
09-17,9,17,September 17,september-17,7♣,7 of Clubs,7,clubs,20,7-of-clubs,https://cardblueprints.com/birth-card/7-of-clubs,https://cardblueprints.com/born-on/september-17,standard_card,,deterministic_date_to_card_mapping,https://cardblueprints.com/methodology,2026-08-15
09-18,9,18,September 18,september-18,6♣,6 of Clubs,6,clubs,19,6-of-clubs,https://cardblueprints.com/birth-card/6-of-clubs,https://cardblueprints.com/born-on/september-18,standard_card,,deterministic_date_to_card_mapping,https://cardblueprints.com/methodology,2026-08-15
09-19,9,19,September 19,september-19,5♣,5 of Clubs,5,clubs,18,5-of-clubs,https://cardblueprints.com/birth-card/5-of-clubs,https://cardblueprints.com/born-on/september-19,standard_card,,deterministic_date_to_card_mapping,https://cardblueprints.com/methodology,2026-08-15
09-20,9,20,September 20,september-20,4♣,4 of Clubs,4,clubs,17,4-of-clubs,https://cardblueprints.com/birth-card/4-of-clubs,https://cardblueprints.com/born-on/september-20,standard_card,,deterministic_date_to_card_mapping,https://cardblueprints.com/methodology,2026-08-15
09-21,9,21,September 21,september-21,3♣,3 of Clubs,3,clubs,16,3-of-clubs,https://cardblueprints.com/birth-card/3-of-clubs,https://cardblueprints.com/born-on/september-21,standard_card,,deterministic_date_to_card_mapping,https://cardblueprints.com/methodology,2026-08-15
09-22,9,22,September 22,september-22,2♣,2 of Clubs,2,clubs,15,2-of-clubs,https://cardblueprints.com/birth-card/2-of-clubs,https://cardblueprints.com/born-on/september-22,standard_card,,deterministic_date_to_card_mapping,https://cardblueprints.com/methodology,2026-08-15
09-23,9,23,September 23,september-23,A♣,Ace of Clubs,A,clubs,14,ace-of-clubs,https://cardblueprints.com/birth-card/ace-of-clubs,https://cardblueprints.com/born-on/september-23,standard_card,,deterministic_date_to_card_mapping,https://cardblueprints.com/methodology,2026-08-15
09-24,9,24,September 24,september-24,K♥,King of Hearts,K,hearts,13,king-of-hearts,https://cardblueprints.com/birth-card/king-of-hearts,https://cardblueprints.com/born-on/september-24,standard_card,,deterministic_date_to_card_mapping,https://cardblueprints.com/methodology,2026-08-15
09-25,9,25,September 25,september-25,Q♥,Queen of Hearts,Q,hearts,12,queen-of-hearts,https://cardblueprints.com/birth-card/queen-of-hearts,https://cardblueprints.com/born-on/september-25,standard_card,,deterministic_date_to_card_mapping,https://cardblueprints.com/methodology,2026-08-15
09-26,9,26,September 26,september-26,J♥,Jack of Hearts,J,hearts,11,jack-of-hearts,https://cardblueprints.com/birth-card/jack-of-hearts,https://cardblueprints.com/born-on/september-26,standard_card,,deterministic_date_to_card_mapping,https://cardblueprints.com/methodology,2026-08-15
09-27,9,27,September 27,september-27,10♥,10 of Hearts,10,hearts,10,10-of-hearts,https://cardblueprints.com/birth-card/10-of-hearts,https://cardblueprints.com/born-on/september-27,standard_card,,deterministic_date_to_card_mapping,https://cardblueprints.com/methodology,2026-08-15
09-28,9,28,September 28,september-28,9♥,9 of Hearts,9,hearts,9,9-of-hearts,https://cardblueprints.com/birth-card/9-of-hearts,https://cardblueprints.com/born-on/september-28,standard_card,,deterministic_date_to_card_mapping,https://cardblueprints.com/methodology,2026-08-15
09-29,9,29,September 29,september-29,8♥,8 of Hearts,8,hearts,8,8-of-hearts,https://cardblueprints.com/birth-card/8-of-hearts,https://cardblueprints.com/born-on/september-29,standard_card,,deterministic_date_to_card_mapping,https://cardblueprints.com/methodology,2026-08-15
09-30,9,30,September 30,september-30,7♥,7 of Hearts,7,hearts,7,7-of-hearts,https://cardblueprints.com/birth-card/7-of-hearts,https://cardblueprints.com/born-on/september-30,standard_card,,deterministic_date_to_card_mapping,https://cardblueprints.com/methodology,2026-08-15
10-01,10,1,October 1,october-1,8♦,8 of Diamonds,8,diamonds,34,8-of-diamonds,https://cardblueprints.com/birth-card/8-of-diamonds,https://cardblueprints.com/born-on/october-1,standard_card,,deterministic_date_to_card_mapping,https://cardblueprints.com/methodology,2026-08-15
10-02,10,2,October 2,october-2,7♦,7 of Diamonds,7,diamonds,33,7-of-diamonds,https://cardblueprints.com/birth-card/7-of-diamonds,https://cardblueprints.com/born-on/october-2,standard_card,,deterministic_date_to_card_mapping,https://cardblueprints.com/methodology,2026-08-15
10-03,10,3,October 3,october-3,6♦,6 of Diamonds,6,diamonds,32,6-of-diamonds,https://cardblueprints.com/birth-card/6-of-diamonds,https://cardblueprints.com/born-on/october-3,standard_card,,deterministic_date_to_card_mapping,https://cardblueprints.com/methodology,2026-08-15
10-04,10,4,October 4,october-4,5♦,5 of Diamonds,5,diamonds,31,5-of-diamonds,https://cardblueprints.com/birth-card/5-of-diamonds,https://cardblueprints.com/born-on/october-4,standard_card,,deterministic_date_to_card_mapping,https://cardblueprints.com/methodology,2026-08-15
10-05,10,5,October 5,october-5,4♦,4 of Diamonds,4,diamonds,30,4-of-diamonds,https://cardblueprints.com/birth-card/4-of-diamonds,https://cardblueprints.com/born-on/october-5,standard_card,,deterministic_date_to_card_mapping,https://cardblueprints.com/methodology,2026-08-15
10-06,10,6,October 6,october-6,3♦,3 of Diamonds,3,diamonds,29,3-of-diamonds,https://cardblueprints.com/birth-card/3-of-diamonds,https://cardblueprints.com/born-on/october-6,standard_card,,deterministic_date_to_card_mapping,https://cardblueprints.com/methodology,2026-08-15
10-07,10,7,October 7,october-7,2♦,2 of Diamonds,2,diamonds,28,2-of-diamonds,https://cardblueprints.com/birth-card/2-of-diamonds,https://cardblueprints.com/born-on/october-7,standard_card,,deterministic_date_to_card_mapping,https://cardblueprints.com/methodology,2026-08-15
10-08,10,8,October 8,october-8,A♦,Ace of Diamonds,A,diamonds,27,ace-of-diamonds,https://cardblueprints.com/birth-card/ace-of-diamonds,https://cardblueprints.com/born-on/october-8,standard_card,,deterministic_date_to_card_mapping,https://cardblueprints.com/methodology,2026-08-15
10-09,10,9,October 9,october-9,K♣,King of Clubs,K,clubs,26,king-of-clubs,https://cardblueprints.com/birth-card/king-of-clubs,https://cardblueprints.com/born-on/october-9,standard_card,,deterministic_date_to_card_mapping,https://cardblueprints.com/methodology,2026-08-15
10-10,10,10,October 10,october-10,Q♣,Queen of Clubs,Q,clubs,25,queen-of-clubs,https://cardblueprints.com/birth-card/queen-of-clubs,https://cardblueprints.com/born-on/october-10,standard_card,,deterministic_date_to_card_mapping,https://cardblueprints.com/methodology,2026-08-15
10-11,10,11,October 11,october-11,J♣,Jack of Clubs,J,clubs,24,jack-of-clubs,https://cardblueprints.com/birth-card/jack-of-clubs,https://cardblueprints.com/born-on/october-11,standard_card,,deterministic_date_to_card_mapping,https://cardblueprints.com/methodology,2026-08-15
10-12,10,12,October 12,october-12,10♣,10 of Clubs,10,clubs,23,10-of-clubs,https://cardblueprints.com/birth-card/10-of-clubs,https://cardblueprints.com/born-on/october-12,standard_card,,deterministic_date_to_card_mapping,https://cardblueprints.com/methodology,2026-08-15
10-13,10,13,October 13,october-13,9♣,9 of Clubs,9,clubs,22,9-of-clubs,https://cardblueprints.com/birth-card/9-of-clubs,https://cardblueprints.com/born-on/october-13,standard_card,,deterministic_date_to_card_mapping,https://cardblueprints.com/methodology,2026-08-15
10-14,10,14,October 14,october-14,8♣,8 of Clubs,8,clubs,21,8-of-clubs,https://cardblueprints.com/birth-card/8-of-clubs,https://cardblueprints.com/born-on/october-14,standard_card,,deterministic_date_to_card_mapping,https://cardblueprints.com/methodology,2026-08-15
10-15,10,15,October 15,october-15,7♣,7 of Clubs,7,clubs,20,7-of-clubs,https://cardblueprints.com/birth-card/7-of-clubs,https://cardblueprints.com/born-on/october-15,standard_card,,deterministic_date_to_card_mapping,https://cardblueprints.com/methodology,2026-08-15
10-16,10,16,October 16,october-16,6♣,6 of Clubs,6,clubs,19,6-of-clubs,https://cardblueprints.com/birth-card/6-of-clubs,https://cardblueprints.com/born-on/october-16,standard_card,,deterministic_date_to_card_mapping,https://cardblueprints.com/methodology,2026-08-15
10-17,10,17,October 17,october-17,5♣,5 of Clubs,5,clubs,18,5-of-clubs,https://cardblueprints.com/birth-card/5-of-clubs,https://cardblueprints.com/born-on/october-17,standard_card,,deterministic_date_to_card_mapping,https://cardblueprints.com/methodology,2026-08-15
10-18,10,18,October 18,october-18,4♣,4 of Clubs,4,clubs,17,4-of-clubs,https://cardblueprints.com/birth-card/4-of-clubs,https://cardblueprints.com/born-on/october-18,standard_card,,deterministic_date_to_card_mapping,https://cardblueprints.com/methodology,2026-08-15
10-19,10,19,October 19,october-19,3♣,3 of Clubs,3,clubs,16,3-of-clubs,https://cardblueprints.com/birth-card/3-of-clubs,https://cardblueprints.com/born-on/october-19,standard_card,,deterministic_date_to_card_mapping,https://cardblueprints.com/methodology,2026-08-15
10-20,10,20,October 20,october-20,2♣,2 of Clubs,2,clubs,15,2-of-clubs,https://cardblueprints.com/birth-card/2-of-clubs,https://cardblueprints.com/born-on/october-20,standard_card,,deterministic_date_to_card_mapping,https://cardblueprints.com/methodology,2026-08-15
10-21,10,21,October 21,october-21,A♣,Ace of Clubs,A,clubs,14,ace-of-clubs,https://cardblueprints.com/birth-card/ace-of-clubs,https://cardblueprints.com/born-on/october-21,standard_card,,deterministic_date_to_card_mapping,https://cardblueprints.com/methodology,2026-08-15
10-22,10,22,October 22,october-22,K♥,King of Hearts,K,hearts,13,king-of-hearts,https://cardblueprints.com/birth-card/king-of-hearts,https://cardblueprints.com/born-on/october-22,standard_card,,deterministic_date_to_card_mapping,https://cardblueprints.com/methodology,2026-08-15
10-23,10,23,October 23,october-23,Q♥,Queen of Hearts,Q,hearts,12,queen-of-hearts,https://cardblueprints.com/birth-card/queen-of-hearts,https://cardblueprints.com/born-on/october-23,standard_card,,deterministic_date_to_card_mapping,https://cardblueprints.com/methodology,2026-08-15
10-24,10,24,October 24,october-24,J♥,Jack of Hearts,J,hearts,11,jack-of-hearts,https://cardblueprints.com/birth-card/jack-of-hearts,https://cardblueprints.com/born-on/october-24,standard_card,,deterministic_date_to_card_mapping,https://cardblueprints.com/methodology,2026-08-15
10-25,10,25,October 25,october-25,10♥,10 of Hearts,10,hearts,10,10-of-hearts,https://cardblueprints.com/birth-card/10-of-hearts,https://cardblueprints.com/born-on/october-25,standard_card,,deterministic_date_to_card_mapping,https://cardblueprints.com/methodology,2026-08-15
10-26,10,26,October 26,october-26,9♥,9 of Hearts,9,hearts,9,9-of-hearts,https://cardblueprints.com/birth-card/9-of-hearts,https://cardblueprints.com/born-on/october-26,standard_card,,deterministic_date_to_card_mapping,https://cardblueprints.com/methodology,2026-08-15
10-27,10,27,October 27,october-27,8♥,8 of Hearts,8,hearts,8,8-of-hearts,https://cardblueprints.com/birth-card/8-of-hearts,https://cardblueprints.com/born-on/october-27,standard_card,,deterministic_date_to_card_mapping,https://cardblueprints.com/methodology,2026-08-15
10-28,10,28,October 28,october-28,7♥,7 of Hearts,7,hearts,7,7-of-hearts,https://cardblueprints.com/birth-card/7-of-hearts,https://cardblueprints.com/born-on/october-28,standard_card,,deterministic_date_to_card_mapping,https://cardblueprints.com/methodology,2026-08-15
10-29,10,29,October 29,october-29,6♥,6 of Hearts,6,hearts,6,6-of-hearts,https://cardblueprints.com/birth-card/6-of-hearts,https://cardblueprints.com/born-on/october-29,standard_card,,deterministic_date_to_card_mapping,https://cardblueprints.com/methodology,2026-08-15
10-30,10,30,October 30,october-30,5♥,5 of Hearts,5,hearts,5,5-of-hearts,https://cardblueprints.com/birth-card/5-of-hearts,https://cardblueprints.com/born-on/october-30,standard_card,,deterministic_date_to_card_mapping,https://cardblueprints.com/methodology,2026-08-15
10-31,10,31,October 31,october-31,4♥,4 of Hearts,4,hearts,4,4-of-hearts,https://cardblueprints.com/birth-card/4-of-hearts,https://cardblueprints.com/born-on/october-31,standard_card,,deterministic_date_to_card_mapping,https://cardblueprints.com/methodology,2026-08-15
11-01,11,1,November 1,november-1,6♦,6 of Diamonds,6,diamonds,32,6-of-diamonds,https://cardblueprints.com/birth-card/6-of-diamonds,https://cardblueprints.com/born-on/november-1,standard_card,,deterministic_date_to_card_mapping,https://cardblueprints.com/methodology,2026-08-15
11-02,11,2,November 2,november-2,5♦,5 of Diamonds,5,diamonds,31,5-of-diamonds,https://cardblueprints.com/birth-card/5-of-diamonds,https://cardblueprints.com/born-on/november-2,standard_card,,deterministic_date_to_card_mapping,https://cardblueprints.com/methodology,2026-08-15
11-03,11,3,November 3,november-3,4♦,4 of Diamonds,4,diamonds,30,4-of-diamonds,https://cardblueprints.com/birth-card/4-of-diamonds,https://cardblueprints.com/born-on/november-3,standard_card,,deterministic_date_to_card_mapping,https://cardblueprints.com/methodology,2026-08-15
11-04,11,4,November 4,november-4,3♦,3 of Diamonds,3,diamonds,29,3-of-diamonds,https://cardblueprints.com/birth-card/3-of-diamonds,https://cardblueprints.com/born-on/november-4,standard_card,,deterministic_date_to_card_mapping,https://cardblueprints.com/methodology,2026-08-15
11-05,11,5,November 5,november-5,2♦,2 of Diamonds,2,diamonds,28,2-of-diamonds,https://cardblueprints.com/birth-card/2-of-diamonds,https://cardblueprints.com/born-on/november-5,standard_card,,deterministic_date_to_card_mapping,https://cardblueprints.com/methodology,2026-08-15
11-06,11,6,November 6,november-6,A♦,Ace of Diamonds,A,diamonds,27,ace-of-diamonds,https://cardblueprints.com/birth-card/ace-of-diamonds,https://cardblueprints.com/born-on/november-6,standard_card,,deterministic_date_to_card_mapping,https://cardblueprints.com/methodology,2026-08-15
11-07,11,7,November 7,november-7,K♣,King of Clubs,K,clubs,26,king-of-clubs,https://cardblueprints.com/birth-card/king-of-clubs,https://cardblueprints.com/born-on/november-7,standard_card,,deterministic_date_to_card_mapping,https://cardblueprints.com/methodology,2026-08-15
11-08,11,8,November 8,november-8,Q♣,Queen of Clubs,Q,clubs,25,queen-of-clubs,https://cardblueprints.com/birth-card/queen-of-clubs,https://cardblueprints.com/born-on/november-8,standard_card,,deterministic_date_to_card_mapping,https://cardblueprints.com/methodology,2026-08-15
11-09,11,9,November 9,november-9,J♣,Jack of Clubs,J,clubs,24,jack-of-clubs,https://cardblueprints.com/birth-card/jack-of-clubs,https://cardblueprints.com/born-on/november-9,standard_card,,deterministic_date_to_card_mapping,https://cardblueprints.com/methodology,2026-08-15
11-10,11,10,November 10,november-10,10♣,10 of Clubs,10,clubs,23,10-of-clubs,https://cardblueprints.com/birth-card/10-of-clubs,https://cardblueprints.com/born-on/november-10,standard_card,,deterministic_date_to_card_mapping,https://cardblueprints.com/methodology,2026-08-15
11-11,11,11,November 11,november-11,9♣,9 of Clubs,9,clubs,22,9-of-clubs,https://cardblueprints.com/birth-card/9-of-clubs,https://cardblueprints.com/born-on/november-11,standard_card,,deterministic_date_to_card_mapping,https://cardblueprints.com/methodology,2026-08-15
11-12,11,12,November 12,november-12,8♣,8 of Clubs,8,clubs,21,8-of-clubs,https://cardblueprints.com/birth-card/8-of-clubs,https://cardblueprints.com/born-on/november-12,standard_card,,deterministic_date_to_card_mapping,https://cardblueprints.com/methodology,2026-08-15
11-13,11,13,November 13,november-13,7♣,7 of Clubs,7,clubs,20,7-of-clubs,https://cardblueprints.com/birth-card/7-of-clubs,https://cardblueprints.com/born-on/november-13,standard_card,,deterministic_date_to_card_mapping,https://cardblueprints.com/methodology,2026-08-15
11-14,11,14,November 14,november-14,6♣,6 of Clubs,6,clubs,19,6-of-clubs,https://cardblueprints.com/birth-card/6-of-clubs,https://cardblueprints.com/born-on/november-14,standard_card,,deterministic_date_to_card_mapping,https://cardblueprints.com/methodology,2026-08-15
11-15,11,15,November 15,november-15,5♣,5 of Clubs,5,clubs,18,5-of-clubs,https://cardblueprints.com/birth-card/5-of-clubs,https://cardblueprints.com/born-on/november-15,standard_card,,deterministic_date_to_card_mapping,https://cardblueprints.com/methodology,2026-08-15
11-16,11,16,November 16,november-16,4♣,4 of Clubs,4,clubs,17,4-of-clubs,https://cardblueprints.com/birth-card/4-of-clubs,https://cardblueprints.com/born-on/november-16,standard_card,,deterministic_date_to_card_mapping,https://cardblueprints.com/methodology,2026-08-15
11-17,11,17,November 17,november-17,3♣,3 of Clubs,3,clubs,16,3-of-clubs,https://cardblueprints.com/birth-card/3-of-clubs,https://cardblueprints.com/born-on/november-17,standard_card,,deterministic_date_to_card_mapping,https://cardblueprints.com/methodology,2026-08-15
11-18,11,18,November 18,november-18,2♣,2 of Clubs,2,clubs,15,2-of-clubs,https://cardblueprints.com/birth-card/2-of-clubs,https://cardblueprints.com/born-on/november-18,standard_card,,deterministic_date_to_card_mapping,https://cardblueprints.com/methodology,2026-08-15
11-19,11,19,November 19,november-19,A♣,Ace of Clubs,A,clubs,14,ace-of-clubs,https://cardblueprints.com/birth-card/ace-of-clubs,https://cardblueprints.com/born-on/november-19,standard_card,,deterministic_date_to_card_mapping,https://cardblueprints.com/methodology,2026-08-15
11-20,11,20,November 20,november-20,K♥,King of Hearts,K,hearts,13,king-of-hearts,https://cardblueprints.com/birth-card/king-of-hearts,https://cardblueprints.com/born-on/november-20,standard_card,,deterministic_date_to_card_mapping,https://cardblueprints.com/methodology,2026-08-15
11-21,11,21,November 21,november-21,Q♥,Queen of Hearts,Q,hearts,12,queen-of-hearts,https://cardblueprints.com/birth-card/queen-of-hearts,https://cardblueprints.com/born-on/november-21,standard_card,,deterministic_date_to_card_mapping,https://cardblueprints.com/methodology,2026-08-15
11-22,11,22,November 22,november-22,J♥,Jack of Hearts,J,hearts,11,jack-of-hearts,https://cardblueprints.com/birth-card/jack-of-hearts,https://cardblueprints.com/born-on/november-22,standard_card,,deterministic_date_to_card_mapping,https://cardblueprints.com/methodology,2026-08-15
11-23,11,23,November 23,november-23,10♥,10 of Hearts,10,hearts,10,10-of-hearts,https://cardblueprints.com/birth-card/10-of-hearts,https://cardblueprints.com/born-on/november-23,standard_card,,deterministic_date_to_card_mapping,https://cardblueprints.com/methodology,2026-08-15
11-24,11,24,November 24,november-24,9♥,9 of Hearts,9,hearts,9,9-of-hearts,https://cardblueprints.com/birth-card/9-of-hearts,https://cardblueprints.com/born-on/november-24,standard_card,,deterministic_date_to_card_mapping,https://cardblueprints.com/methodology,2026-08-15
11-25,11,25,November 25,november-25,8♥,8 of Hearts,8,hearts,8,8-of-hearts,https://cardblueprints.com/birth-card/8-of-hearts,https://cardblueprints.com/born-on/november-25,standard_card,,deterministic_date_to_card_mapping,https://cardblueprints.com/methodology,2026-08-15
11-26,11,26,November 26,november-26,7♥,7 of Hearts,7,hearts,7,7-of-hearts,https://cardblueprints.com/birth-card/7-of-hearts,https://cardblueprints.com/born-on/november-26,standard_card,,deterministic_date_to_card_mapping,https://cardblueprints.com/methodology,2026-08-15
11-27,11,27,November 27,november-27,6♥,6 of Hearts,6,hearts,6,6-of-hearts,https://cardblueprints.com/birth-card/6-of-hearts,https://cardblueprints.com/born-on/november-27,standard_card,,deterministic_date_to_card_mapping,https://cardblueprints.com/methodology,2026-08-15
11-28,11,28,November 28,november-28,5♥,5 of Hearts,5,hearts,5,5-of-hearts,https://cardblueprints.com/birth-card/5-of-hearts,https://cardblueprints.com/born-on/november-28,standard_card,,deterministic_date_to_card_mapping,https://cardblueprints.com/methodology,2026-08-15
11-29,11,29,November 29,november-29,4♥,4 of Hearts,4,hearts,4,4-of-hearts,https://cardblueprints.com/birth-card/4-of-hearts,https://cardblueprints.com/born-on/november-29,standard_card,,deterministic_date_to_card_mapping,https://cardblueprints.com/methodology,2026-08-15
11-30,11,30,November 30,november-30,3♥,3 of Hearts,3,hearts,3,3-of-hearts,https://cardblueprints.com/birth-card/3-of-hearts,https://cardblueprints.com/born-on/november-30,standard_card,,deterministic_date_to_card_mapping,https://cardblueprints.com/methodology,2026-08-15
12-01,12,1,December 1,december-1,4♦,4 of Diamonds,4,diamonds,30,4-of-diamonds,https://cardblueprints.com/birth-card/4-of-diamonds,https://cardblueprints.com/born-on/december-1,standard_card,,deterministic_date_to_card_mapping,https://cardblueprints.com/methodology,2026-08-15
12-02,12,2,December 2,december-2,3♦,3 of Diamonds,3,diamonds,29,3-of-diamonds,https://cardblueprints.com/birth-card/3-of-diamonds,https://cardblueprints.com/born-on/december-2,standard_card,,deterministic_date_to_card_mapping,https://cardblueprints.com/methodology,2026-08-15
12-03,12,3,December 3,december-3,2♦,2 of Diamonds,2,diamonds,28,2-of-diamonds,https://cardblueprints.com/birth-card/2-of-diamonds,https://cardblueprints.com/born-on/december-3,standard_card,,deterministic_date_to_card_mapping,https://cardblueprints.com/methodology,2026-08-15
12-04,12,4,December 4,december-4,A♦,Ace of Diamonds,A,diamonds,27,ace-of-diamonds,https://cardblueprints.com/birth-card/ace-of-diamonds,https://cardblueprints.com/born-on/december-4,standard_card,,deterministic_date_to_card_mapping,https://cardblueprints.com/methodology,2026-08-15
12-05,12,5,December 5,december-5,K♣,King of Clubs,K,clubs,26,king-of-clubs,https://cardblueprints.com/birth-card/king-of-clubs,https://cardblueprints.com/born-on/december-5,standard_card,,deterministic_date_to_card_mapping,https://cardblueprints.com/methodology,2026-08-15
12-06,12,6,December 6,december-6,Q♣,Queen of Clubs,Q,clubs,25,queen-of-clubs,https://cardblueprints.com/birth-card/queen-of-clubs,https://cardblueprints.com/born-on/december-6,standard_card,,deterministic_date_to_card_mapping,https://cardblueprints.com/methodology,2026-08-15
12-07,12,7,December 7,december-7,J♣,Jack of Clubs,J,clubs,24,jack-of-clubs,https://cardblueprints.com/birth-card/jack-of-clubs,https://cardblueprints.com/born-on/december-7,standard_card,,deterministic_date_to_card_mapping,https://cardblueprints.com/methodology,2026-08-15
12-08,12,8,December 8,december-8,10♣,10 of Clubs,10,clubs,23,10-of-clubs,https://cardblueprints.com/birth-card/10-of-clubs,https://cardblueprints.com/born-on/december-8,standard_card,,deterministic_date_to_card_mapping,https://cardblueprints.com/methodology,2026-08-15
12-09,12,9,December 9,december-9,9♣,9 of Clubs,9,clubs,22,9-of-clubs,https://cardblueprints.com/birth-card/9-of-clubs,https://cardblueprints.com/born-on/december-9,standard_card,,deterministic_date_to_card_mapping,https://cardblueprints.com/methodology,2026-08-15
12-10,12,10,December 10,december-10,8♣,8 of Clubs,8,clubs,21,8-of-clubs,https://cardblueprints.com/birth-card/8-of-clubs,https://cardblueprints.com/born-on/december-10,standard_card,,deterministic_date_to_card_mapping,https://cardblueprints.com/methodology,2026-08-15
12-11,12,11,December 11,december-11,7♣,7 of Clubs,7,clubs,20,7-of-clubs,https://cardblueprints.com/birth-card/7-of-clubs,https://cardblueprints.com/born-on/december-11,standard_card,,deterministic_date_to_card_mapping,https://cardblueprints.com/methodology,2026-08-15
12-12,12,12,December 12,december-12,6♣,6 of Clubs,6,clubs,19,6-of-clubs,https://cardblueprints.com/birth-card/6-of-clubs,https://cardblueprints.com/born-on/december-12,standard_card,,deterministic_date_to_card_mapping,https://cardblueprints.com/methodology,2026-08-15
12-13,12,13,December 13,december-13,5♣,5 of Clubs,5,clubs,18,5-of-clubs,https://cardblueprints.com/birth-card/5-of-clubs,https://cardblueprints.com/born-on/december-13,standard_card,,deterministic_date_to_card_mapping,https://cardblueprints.com/methodology,2026-08-15
12-14,12,14,December 14,december-14,4♣,4 of Clubs,4,clubs,17,4-of-clubs,https://cardblueprints.com/birth-card/4-of-clubs,https://cardblueprints.com/born-on/december-14,standard_card,,deterministic_date_to_card_mapping,https://cardblueprints.com/methodology,2026-08-15
12-15,12,15,December 15,december-15,3♣,3 of Clubs,3,clubs,16,3-of-clubs,https://cardblueprints.com/birth-card/3-of-clubs,https://cardblueprints.com/born-on/december-15,standard_card,,deterministic_date_to_card_mapping,https://cardblueprints.com/methodology,2026-08-15
12-16,12,16,December 16,december-16,2♣,2 of Clubs,2,clubs,15,2-of-clubs,https://cardblueprints.com/birth-card/2-of-clubs,https://cardblueprints.com/born-on/december-16,standard_card,,deterministic_date_to_card_mapping,https://cardblueprints.com/methodology,2026-08-15
12-17,12,17,December 17,december-17,A♣,Ace of Clubs,A,clubs,14,ace-of-clubs,https://cardblueprints.com/birth-card/ace-of-clubs,https://cardblueprints.com/born-on/december-17,standard_card,,deterministic_date_to_card_mapping,https://cardblueprints.com/methodology,2026-08-15
12-18,12,18,December 18,december-18,K♥,King of Hearts,K,hearts,13,king-of-hearts,https://cardblueprints.com/birth-card/king-of-hearts,https://cardblueprints.com/born-on/december-18,standard_card,,deterministic_date_to_card_mapping,https://cardblueprints.com/methodology,2026-08-15
12-19,12,19,December 19,december-19,Q♥,Queen of Hearts,Q,hearts,12,queen-of-hearts,https://cardblueprints.com/birth-card/queen-of-hearts,https://cardblueprints.com/born-on/december-19,standard_card,,deterministic_date_to_card_mapping,https://cardblueprints.com/methodology,2026-08-15
12-20,12,20,December 20,december-20,J♥,Jack of Hearts,J,hearts,11,jack-of-hearts,https://cardblueprints.com/birth-card/jack-of-hearts,https://cardblueprints.com/born-on/december-20,standard_card,,deterministic_date_to_card_mapping,https://cardblueprints.com/methodology,2026-08-15
12-21,12,21,December 21,december-21,10♥,10 of Hearts,10,hearts,10,10-of-hearts,https://cardblueprints.com/birth-card/10-of-hearts,https://cardblueprints.com/born-on/december-21,standard_card,,deterministic_date_to_card_mapping,https://cardblueprints.com/methodology,2026-08-15
12-22,12,22,December 22,december-22,9♥,9 of Hearts,9,hearts,9,9-of-hearts,https://cardblueprints.com/birth-card/9-of-hearts,https://cardblueprints.com/born-on/december-22,standard_card,,deterministic_date_to_card_mapping,https://cardblueprints.com/methodology,2026-08-15
12-23,12,23,December 23,december-23,8♥,8 of Hearts,8,hearts,8,8-of-hearts,https://cardblueprints.com/birth-card/8-of-hearts,https://cardblueprints.com/born-on/december-23,standard_card,,deterministic_date_to_card_mapping,https://cardblueprints.com/methodology,2026-08-15
12-24,12,24,December 24,december-24,7♥,7 of Hearts,7,hearts,7,7-of-hearts,https://cardblueprints.com/birth-card/7-of-hearts,https://cardblueprints.com/born-on/december-24,standard_card,,deterministic_date_to_card_mapping,https://cardblueprints.com/methodology,2026-08-15
12-25,12,25,December 25,december-25,6♥,6 of Hearts,6,hearts,6,6-of-hearts,https://cardblueprints.com/birth-card/6-of-hearts,https://cardblueprints.com/born-on/december-25,standard_card,,deterministic_date_to_card_mapping,https://cardblueprints.com/methodology,2026-08-15
12-26,12,26,December 26,december-26,5♥,5 of Hearts,5,hearts,5,5-of-hearts,https://cardblueprints.com/birth-card/5-of-hearts,https://cardblueprints.com/born-on/december-26,standard_card,,deterministic_date_to_card_mapping,https://cardblueprints.com/methodology,2026-08-15
12-27,12,27,December 27,december-27,4♥,4 of Hearts,4,hearts,4,4-of-hearts,https://cardblueprints.com/birth-card/4-of-hearts,https://cardblueprints.com/born-on/december-27,standard_card,,deterministic_date_to_card_mapping,https://cardblueprints.com/methodology,2026-08-15
12-28,12,28,December 28,december-28,3♥,3 of Hearts,3,hearts,3,3-of-hearts,https://cardblueprints.com/birth-card/3-of-hearts,https://cardblueprints.com/born-on/december-28,standard_card,,deterministic_date_to_card_mapping,https://cardblueprints.com/methodology,2026-08-15
12-29,12,29,December 29,december-29,2♥,2 of Hearts,2,hearts,2,2-of-hearts,https://cardblueprints.com/birth-card/2-of-hearts,https://cardblueprints.com/born-on/december-29,standard_card,,deterministic_date_to_card_mapping,https://cardblueprints.com/methodology,2026-08-15
12-30,12,30,December 30,december-30,A♥,Ace of Hearts,A,hearts,1,ace-of-hearts,https://cardblueprints.com/birth-card/ace-of-hearts,https://cardblueprints.com/born-on/december-30,standard_card,,deterministic_date_to_card_mapping,https://cardblueprints.com/methodology,2026-08-15
12-31,12,31,December 31,december-31,Joker,Joker boundary,,,0,,,https://cardblueprints.com/born-on/december-31,joker_boundary,december_31_joker_boundary,deterministic_date_to_card_mapping,https://cardblueprints.com/methodology,2026-08-15
